signal_id,setup_id,timestamp_ms,symbol,side,entry_ref,stop,tp1,tp2,outcome,r_multiple,bars_checked,close_time_ms,close_reason,config_version,strategy,market_regime,btc_price,btc_24h_change_pct,btc_4h_change_pct,btc_1h_change_pct,btc_24h_range_pct,btc_4h_range_pct,alt_market_breadth_pct,btc_regime,risk_pct_real,sl_distance_pct,tp1_distance_pct,tp2_distance_pct,break_distance_pct,retest_depth_pct,score_oi,score_exhaustion,score_breakout,score_retest,reason_tags,stop_was_forced_min_risk,mfe_pct,mae_pct,manual_tradable,manual_trade_note
1000SHIBUSDT-SHORT-1775009700000-2,1000SHIBUSDT-SHORT-1775009700000-2,1775009700000,1000SHIBUSDT,SHORT,0.00589,0.0060667,0.0057133,0.0055366,EXPIRED,-0.5999,36,1775043054122,max bars reached,phase3-short-exhaustion-v5-scoreparts-manualdiag,short_exhaustion_retest,RANGE,67658.8,-0.373,-0.853879237707256,0.05885501849940836,3.934447551538011,1.1751612502734394,0.0,neutral,3.0000000000000018,3.0000000000000018,3.0000000000000018,6.0000000000000036,0.3552698358991595,0.0,0.0,33.0,23.549889112117707,35.0,1h_top_tests=3;1h_failed_breakout;1h_no_accept_above_resistance;1h_weakening_push;15m_clean_breakdown;15m_break_dist=0.17%,yes,0.0679,2.5297,yes,good_for_manual
PENGUUSDT-SHORT-1775034000000-2,PENGUUSDT-SHORT-1775034000000-2,1775034000000,PENGUUSDT,SHORT,0.006557,0.0067537100000000004,0.00636029,0.00616358,LOSS_STOP,-1.0000,32,1775063825116,stop hit before tp,phase3-short-exhaustion-v5-scoreparts-manualdiag,short_exhaustion_retest,BULLISH,68481.6,3.103,-0.2480630543364253,-0.21739510540456627,4.891824957360809,0.6739036471110488,0.0,bullish,3.0000000000000018,3.0000000000000018,3.0000000000000018,6.0000000000000036,0.31924597141987415,0.16722408026756755,0.0,23.0,25.92239994235968,35.0,1h_top_tests=2;1h_failed_breakout;1h_no_accept_above_resistance;15m_clean_breakdown;15m_break_dist=0.29%,yes,0.7015,3.0197,yes,good_for_manual
ZECUSDT-SHORT-1775042100000-2,ZECUSDT-SHORT-1775042100000-2,1775042100000,ZECUSDT,SHORT,245.98,253.3594,238.6006,231.22119999999998,LOSS_STOP,-1.0000,33,1775072718104,stop hit before tp,phase3-short-exhaustion-v5-scoreparts-manualdiag,short_exhaustion_retest,BULLISH,68655.0,2.923,-0.035532307459300486,-0.021552383213006513,4.243827834826313,0.05797903722749913,0.0,bullish,3.0000000000000018,3.0000000000000018,3.0000000000000018,6.0000000000000036,0.1704545454545519,0.016233766233763002,0.0,33.0,26.60453166525862,35.0,1h_top_tests=4;1h_failed_breakout;1h_no_accept_above_resistance;1h_weakening_push;15m_clean_breakdown;15m_break_dist=0.16%,yes,2.8823,3.6304,yes,good_for_manual
ZECUSDT-SHORT-1775042100000-2,ZECUSDT-SHORT-1775042100000-2,1775042100000,ZECUSDT,SHORT,245.98,253.3594,238.6006,231.22119999999998,LOSS_STOP,-1.0000,33,1775072719673,stop hit before tp,phase3-short-exhaustion-v5-scoreparts-manualdiag,short_exhaustion_retest,BULLISH,68645.6,2.909,-0.021552383213006513,-0.021552383213006513,4.24440896430362,0.05797093005472704,0.0,bullish,3.0000000000000018,3.0000000000000018,3.0000000000000018,6.0000000000000036,0.1704545454545519,0.016233766233763002,0.0,33.0,26.60453166525862,35.0,1h_top_tests=4;1h_failed_breakout;1h_no_accept_above_resistance;1h_weakening_push;15m_clean_breakdown;15m_break_dist=0.16%,yes,2.8823,3.6304,yes,good_for_manual
BNBUSDT-SHORT-1775050200000-1,BNBUSDT-SHORT-1775050200000-1,1775050200000,BNBUSDT,SHORT,611.35,629.6905,593.0095,574.669,EXPIRED,0.0153,36,1775083543315,max bars reached,phase3-short-exhaustion-v5-scoreparts-manualdiag,short_exhaustion_retest,BULLISH,68186.1,1.155,-0.6988505881033673,0.1493580687135404,4.273011654868082,1.3054700102654306,0.0,bullish,3.000000000000003,3.000000000000003,3.000000000000003,6.000000000000006,0.3731829737305201,0.0,0.0,27.0,29.225522552255175,35.0,1h_top_tests=3;1h_failed_breakout;1h_no_accept_above_resistance;15m_clean_breakdown;15m_break_dist=0.32%,yes,0.2830,1.4116,yes,good_for_manual
WIFUSDT-SHORT-1775081700000-2,WIFUSDT-SHORT-1775081700000-2,1775081700000,WIFUSDT,SHORT,0.1822,0.187666,0.176734,0.171268,WIN_TP1,1.0000,13,1775094358191,tp1 hit,phase3-short-exhaustion-v5-scoreparts-manualdiag,short_exhaustion_retest,RANGE,68108.9,-0.048,-0.05121522427573562,0.039066860140649244,2.5739661042830027,0.8568630531399066,0.0,neutral,2.999999999999999,2.999999999999999,2.999999999999999,5.999999999999998,0.32822757111596795,0.0,0.0,27.0,28.19890998014394,35.0,1h_top_tests=3;1h_failed_breakout;1h_no_accept_above_resistance;15m_clean_breakdown;15m_break_dist=0.27%,yes,3.2931,0.4391,yes,good_for_manual
DRIFTUSDT-SHORT-1775088000000-1,DRIFTUSDT-SHORT-1775088000000-1,1775088000000,DRIFTUSDT,SHORT,0.04464,0.046649529999999995,0.042630470000000004,0.04062094000000001,WIN_TP1,1.0000,6,1775094359747,tp1 hit,phase3-short-exhaustion-v5-scoreparts-manualdiag,short_exhaustion_retest,RANGE,68180.0,0.317,0.1401158820030317,0.14452204181444805,2.571281900850698,0.3395329258938223,0.0,neutral,4.501635304659488,4.501635304659488,4.501635304659488,9.003270609318976,4.144298904874385,0.0,0.0,31.0,26.712978602498634,35.0,1h_top_tests=2;1h_failed_breakout;1h_no_accept_above_resistance;1h_weakening_push;15m_clean_breakdown;15m_break_dist=0.56%,no,5.0403,4.1891,yes,good_for_manual
ZROUSDT-SHORT-1775092500000-1,ZROUSDT-SHORT-1775092500000-1,1775092500000,ZROUSDT,SHORT,1.9284,1.986252,1.8705479999999999,1.8126959999999999,WIN_TP1,1.0000,10,1775102483956,tp1 hit,phase3-short-exhaustion-v5-scoreparts-manualdiag,short_exhaustion_retest,BEARISH,67201.2,-1.052,-1.317735527600915,-2.0064143419903298,3.3136313042029055,2.3484394092511884,0.0,bearish,3.000000000000001,3.000000000000001,3.000000000000001,6.000000000000002,0.9705746418117464,0.051353155651409126,0.0,25.0,28.578672632363904,35.0,1h_top_tests=4;1h_failed_breakout;1h_no_accept_above_resistance;15m_clean_breakdown;15m_break_dist=0.43%,yes,3.1581,1.0319,yes,good_for_manual
ZROUSDT-SHORT-1775092500000-1,ZROUSDT-SHORT-1775092500000-1,1775092500000,ZROUSDT,SHORT,1.9284,1.986252,1.8705479999999999,1.8126959999999999,WIN_TP1,1.0000,10,1775102484597,tp1 hit,phase3-short-exhaustion-v5-scoreparts-manualdiag,short_exhaustion_retest,BEARISH,67201.2,-1.052,-1.317735527600915,-2.0064143419903298,3.3136313042029055,2.3484394092511884,0.0,bearish,3.000000000000001,3.000000000000001,3.000000000000001,6.000000000000002,0.9705746418117464,0.051353155651409126,0.0,25.0,28.578672632363904,35.0,1h_top_tests=4;1h_failed_breakout;1h_no_accept_above_resistance;15m_clean_breakdown;15m_break_dist=0.43%,yes,3.1581,1.0319,yes,good_for_manual
ASTERUSDT-SHORT-1775080800000-1,ASTERUSDT-SHORT-1775080800000-1,1775080800000,ASTERUSDT,SHORT,0.6651,0.685053,0.645147,0.625194,EXPIRED,-0.3558,36,1775114194906,max bars reached,phase3-short-exhaustion-v5-scoreparts-manualdiag,short_exhaustion_retest,RANGE,68148.8,0.101,0.007630921668584801,-0.2570080805330887,2.5724590895217605,0.8563588607316408,0.0,neutral,2.9999999999999996,2.9999999999999996,2.9999999999999996,5.999999999999999,0.23998800059996023,0.0,0.0,35.0,27.02358453505879,35.0,1h_top_tests=4;1h_failed_breakout;1h_no_accept_above_resistance;1h_weakening_push;15m_clean_breakdown;15m_break_dist=0.22%,yes,1.8193,1.1276,yes,good_for_manual
RAYSOLUSDT-SHORT-1775088000000-1,RAYSOLUSDT-SHORT-1775088000000-1,1775088000000,RAYSOLUSDT,SHORT,0.651,0.6705300000000001,0.63147,0.6119399999999999,EXPIRED,0.1690,36,1775124384724,max bars reached,phase3-short-exhaustion-v5-scoreparts-manualdiag,short_exhaustion_retest,RANGE,68180.0,0.317,0.1405564979841776,0.12469432266307445,2.571281900850698,0.3395314319573144,0.0,neutral,3.000000000000007,3.000000000000007,3.000000000000007,6.000000000000014,0.36730945821854266,0.045913682277313586,0.0,31.0,24.98375217855731,35.0,1h_top_tests=2;1h_failed_breakout;1h_no_accept_above_resistance;1h_weakening_push;15m_clean_breakdown;15m_break_dist=0.18%,yes,2.7803,2.0430,yes,good_for_manual
DOTUSDT-SHORT-1775093400000-1,DOTUSDT-SHORT-1775093400000-1,1775093400000,DOTUSDT,SHORT,1.236,1.27308,1.19892,1.16184,EXPIRED,0.6203,36,1775126767198,max bars reached,phase3-short-exhaustion-v5-scoreparts-manualdiag,short_exhaustion_retest,RANGE,67287.7,-0.677,-1.1767384136355916,-0.043080140946337005,3.3998784324623923,2.435598860375153,0.0,neutral,3.0000000000000004,3.0000000000000004,3.0000000000000004,6.000000000000001,0.24213075060533604,0.08071025020176673,0.0,27.0,27.53436811972276,35.0,1h_top_tests=3;1h_failed_breakout;1h_no_accept_above_resistance;15m_clean_breakdown;15m_break_dist=0.56%,yes,2.2654,0.3236,yes,good_for_manual
BCHUSDT-SHORT-1775093400000-2,BCHUSDT-SHORT-1775093400000-2,1775093400000,BCHUSDT,SHORT,449.56,463.0468,436.0732,422.58639999999997,EXPIRED,0.4123,36,1775126768834,max bars reached,phase3-short-exhaustion-v5-scoreparts-manualdiag,short_exhaustion_retest,BEARISH,66890.6,-1.317,-1.7280958780375049,-0.603864734299517,3.7081443431513454,2.7372630955957193,0.0,bearish,3.0000000000000036,3.0000000000000036,3.0000000000000036,6.000000000000007,0.3413877189093373,0.0,0.0,27.0,29.721212121212016,35.0,1h_top_tests=5;1h_failed_breakout;1h_no_accept_above_resistance;15m_clean_breakdown;15m_break_dist=0.32%,yes,2.2956,0.3203,yes,good_for_manual
HBARUSDT-SHORT-1775100600000-1,HBARUSDT-SHORT-1775100600000-1,1775100600000,HBARUSDT,SHORT,0.08602,0.0886006,0.0834394,0.0808588,EXPIRED,0.0039,36,1775134038725,max bars reached,phase3-short-exhaustion-v5-scoreparts-manualdiag,short_exhaustion_retest,BEARISH,66598.0,-2.218,0.05470525290660541,0.05470525290660541,4.252530106009198,0.10679716649543945,0.0,bearish,3.0000000000000027,3.0000000000000027,3.0000000000000027,6.000000000000005,0.06970260223048849,0.058085501858729655,0.0,25.0,24.044008954242123,35.0,1h_top_tests=4;1h_failed_breakout;1h_no_accept_above_resistance;15m_clean_breakdown;15m_break_dist=0.15%,yes,0.3953,1.4415,yes,good_for_manual
XLMUSDT-SHORT-1775100600000-2,XLMUSDT-SHORT-1775100600000-2,1775100600000,XLMUSDT,SHORT,0.16402,0.1689406,0.1590994,0.1541788,EXPIRED,0.4674,36,1775134040334,max bars reached,phase3-short-exhaustion-v5-scoreparts-manualdiag,short_exhaustion_retest,BEARISH,66523.3,-2.218,-0.022543373450518798,-0.022543373450518798,4.257305335123191,0.2221774593601694,0.0,bearish,2.9999999999999982,2.9999999999999982,2.9999999999999982,5.9999999999999964,0.024381323905895553,0.09142996464707026,0.0,25.0,26.985548060681722,35.0,1h_top_tests=2;1h_failed_breakout;1h_no_accept_above_resistance;15m_clean_breakdown;15m_break_dist=0.29%,yes,1.7315,0.3475,yes,good_for_manual
ZECUSDT-SHORT-1775104200000-1,ZECUSDT-SHORT-1775104200000-1,1775104200000,ZECUSDT,SHORT,236.0,243.08,228.92,221.83999999999997,EXPIRED,0.4548,36,1775137539080,max bars reached,phase3-short-exhaustion-v5-scoreparts-manualdiag,short_exhaustion_retest,BEARISH,66349.9,-2.758,-0.2816418789751395,0.08552010401174821,4.696615970785182,0.6720320718602495,0.0,bearish,3.0000000000000053,3.0000000000000053,3.0000000000000053,6.000000000000011,0.0,0.18220338983051138,0.0,23.0,24.516285329348925,35.0,1h_top_tests=2;1h_failed_breakout;1h_no_accept_above_resistance;15m_clean_breakdown;15m_break_dist=0.29%,yes,2.0254,1.8686,yes,good_for_manual
LTCUSDT-SHORT-1775106000000-1,LTCUSDT-SHORT-1775106000000-1,1775106000000,LTCUSDT,SHORT,52.11,53.6733,50.5467,48.9834,EXPIRED,0.2367,36,1775139372883,max bars reached,phase3-short-exhaustion-v5-scoreparts-manualdiag,short_exhaustion_retest,BEARISH,66403.7,-3.164,-0.20243949358565447,0.15625895547827282,4.692810792169709,0.6714987267275682,0.0,bearish,2.9999999999999964,2.9999999999999964,2.9999999999999964,5.999999999999993,0.09585889570551603,0.038343558282214585,0.0,23.0,24.793766602750058,35.0,1h_top_tests=2;1h_failed_breakout;1h_no_accept_above_resistance;15m_clean_breakdown;15m_break_dist=0.23%,yes,1.4393,0.8060,yes,good_for_manual
LTCUSDT-SHORT-1775106000000-1,LTCUSDT-SHORT-1775106000000-1,1775106000000,LTCUSDT,SHORT,52.11,53.6733,50.5467,48.9834,EXPIRED,0.2367,36,1775139373233,max bars reached,phase3-short-exhaustion-v5-scoreparts-manualdiag,short_exhaustion_retest,BEARISH,66403.7,-3.164,-0.20243949358565447,0.15625895547827282,4.692810792169709,0.6714987267275682,0.0,bearish,2.9999999999999964,2.9999999999999964,2.9999999999999964,5.999999999999993,0.09585889570551603,0.038343558282214585,0.0,23.0,24.793766602750058,35.0,1h_top_tests=2;1h_failed_breakout;1h_no_accept_above_resistance;15m_clean_breakdown;15m_break_dist=0.23%,yes,1.4393,0.8060,yes,good_for_manual
SUIUSDT-SHORT-1775118600000-3,SUIUSDT-SHORT-1775118600000-3,1775118600000,SUIUSDT,SHORT,0.8563,0.881989,0.8306109999999999,0.8049219999999998,EXPIRED,-0.1051,36,1775152014729,max bars reached,phase3-short-exhaustion-v5-scoreparts-manualdiag,short_exhaustion_retest,BEARISH,66421.5,-3.044,-0.6972860562224172,-0.010537629876288224,4.472648163621723,0.9513485844191929,0.0,bearish,3.0000000000000084,3.0000000000000084,3.0000000000000084,6.000000000000017,0.09333800023334768,0.02333450005833368,0.0,33.0,27.87097587070783,35.0,1h_top_tests=3;1h_failed_breakout;1h_no_accept_above_resistance;1h_weakening_push;15m_clean_breakdown;15m_break_dist=0.34%,yes,1.7517,1.4364,yes,good_for_manual
DASHUSDT-SHORT-1775124000000-1,DASHUSDT-SHORT-1775124000000-1,1775124000000,DASHUSDT,SHORT,29.78,30.6734,28.8866,27.9932,EXPIRED,-0.4589,36,1775157336694,max bars reached,phase3-short-exhaustion-v5-scoreparts-manualdiag,short_exhaustion_retest,BEARISH,66350.9,-3.123,-0.7993972003904998,-0.10326877278763337,4.477407239389373,1.0546590066492474,0.0,bearish,2.999999999999999,2.999999999999999,2.999999999999999,5.999999999999998,0.10063737001005564,0.20127474002013512,0.0,33.0,24.05821750953176,35.0,1h_top_tests=3;1h_failed_breakout;1h_no_accept_above_resistance;1h_weakening_push;15m_clean_breakdown;15m_break_dist=0.17%,yes,1.1081,2.1491,yes,good_for_manual
DASHUSDT-SHORT-1775124000000-1,DASHUSDT-SHORT-1775124000000-1,1775124000000,DASHUSDT,SHORT,29.78,30.6734,28.8866,27.9932,EXPIRED,-0.4589,36,1775157337497,max bars reached,phase3-short-exhaustion-v5-scoreparts-manualdiag,short_exhaustion_retest,BEARISH,66350.9,-3.123,-0.7993972003904998,-0.10326877278763337,4.477407239389373,1.0546590066492474,0.0,bearish,2.999999999999999,2.999999999999999,2.999999999999999,5.999999999999998,0.10063737001005564,0.20127474002013512,0.0,33.0,24.05821750953176,35.0,1h_top_tests=3;1h_failed_breakout;1h_no_accept_above_resistance;1h_weakening_push;15m_clean_breakdown;15m_break_dist=0.17%,yes,1.1081,2.1491,yes,good_for_manual
APTUSDT-SHORT-1775144700000-1,APTUSDT-SHORT-1775144700000-1,1775144700000,APTUSDT,SHORT,0.8469,0.872307,0.8214929999999999,0.7960859999999998,EXPIRED,-0.4605,36,1775178010737,max bars reached,phase3-short-exhaustion-v5-scoreparts-manualdiag,short_exhaustion_retest,BEARISH,66855.5,-2.597,0.074539070147534,0.06720490461093626,5.185063308179581,0.2422958881490389,0.0,bearish,3.000000000000008,3.000000000000008,3.000000000000008,6.000000000000016,0.44669096038556777,0.0,0.0,27.0,24.60074362834231,35.0,1h_top_tests=6;1h_failed_breakout;1h_no_accept_above_resistance;15m_clean_breakdown;15m_break_dist=0.22%,yes,0.3897,1.6059,yes,good_for_manual
UNIUSDT-SHORT-1775151900000-1,UNIUSDT-SHORT-1775151900000-1,1775151900000,UNIUSDT,SHORT,3.136,3.23008,3.04192,2.9478400000000002,EXPIRED,-0.6165,36,1775185220155,max bars reached,phase3-short-exhaustion-v5-scoreparts-manualdiag,short_exhaustion_retest,BEARISH,66681.3,-2.014,-0.20341083600507812,0.04996893822759263,4.443524646340128,1.2748463810110882,0.0,bearish,2.9999999999999982,2.9999999999999982,2.9999999999999982,5.9999999999999964,0.31786395422758384,0.0,0.0,35.0,26.40610647613895,35.0,1h_top_tests=6;1h_failed_breakout;1h_no_accept_above_resistance;1h_weakening_push;15m_clean_breakdown;15m_break_dist=0.57%,yes,0.7972,2.3916,yes,good_for_manual
ADAUSDT-SHORT-1775151900000-1,ADAUSDT-SHORT-1775151900000-1,1775151900000,ADAUSDT,SHORT,0.2384,0.24555200000000002,0.23124799999999998,0.22409599999999996,EXPIRED,-0.2237,36,1775185221737,max bars reached,phase3-short-exhaustion-v5-scoreparts-manualdiag,short_exhaustion_retest,BEARISH,66681.3,-2.014,-0.19353216405780355,0.04996893822759263,4.443524646340128,1.2747201989163377,0.0,bearish,3.000000000000008,3.000000000000008,3.000000000000008,6.000000000000016,0.1675041876046949,0.0,0.0,31.0,29.503672207189886,35.0,1h_top_tests=2;1h_failed_breakout;1h_no_accept_above_resistance;1h_weakening_push;15m_clean_breakdown;15m_break_dist=0.29%,yes,0.2097,1.0487,yes,good_for_manual
BLURUSDT-SHORT-1775163600000-2,BLURUSDT-SHORT-1775163600000-2,1775163600000,BLURUSDT,SHORT,0.01952,0.0201056,0.018934399999999997,0.018348799999999995,LOSS_STOP,-1.0000,31,1775192469523,stop hit before tp,phase3-short-exhaustion-v5-scoreparts-manualdiag,short_exhaustion_retest,BEARISH,66779.4,-2.24,-0.24378876420606885,-0.2074543054988886,4.436997038008728,0.5953878406708465,0.0,bearish,3.000000000000011,3.000000000000011,3.000000000000011,6.000000000000022,0.3064351378958173,0.0,0.0,25.0,28.242424242424203,35.0,1h_top_tests=2;1h_failed_breakout;1h_no_accept_above_resistance;15m_clean_breakdown;15m_break_dist=0.56%,yes,1.7930,3.2787,yes,good_for_manual
FETUSDT-SHORT-1775175300000-1,FETUSDT-SHORT-1775175300000-1,1775175300000,FETUSDT,SHORT,0.2265,0.233295,0.219705,0.21291000000000002,EXPIRED,-0.7947,36,1775208636068,max bars reached,phase3-short-exhaustion-v5-scoreparts-manualdiag,short_exhaustion_retest,BEARISH,66728.1,-2.46,-0.21639486454757784,-0.20353380141622113,4.440408163876987,0.41079794616012766,0.0,bearish,2.999999999999998,2.999999999999998,2.999999999999998,5.999999999999996,0.35195776506818965,0.1319841619005696,0.0,23.0,24.757464232803088,35.0,1h_top_tests=2;1h_failed_breakout;1h_no_accept_above_resistance;15m_clean_breakdown;15m_break_dist=0.26%,yes,0.6623,2.5166,yes,good_for_manual
BCHUSDT-SHORT-1775207700000-2,BCHUSDT-SHORT-1775207700000-2,1775207700000,BCHUSDT,SHORT,441.85,455.10550000000006,428.5945,415.33899999999994,EXPIRED,-0.0204,36,1775241011484,max bars reached,phase3-short-exhaustion-v5-scoreparts-manualdiag,short_exhaustion_retest,RANGE,66799.2,0.558,-0.31279473740763275,-0.04429221489503983,2.580719529575196,0.813931903376084,0.0,neutral,3.000000000000009,3.000000000000009,3.000000000000009,6.000000000000018,0.1559181090974822,0.0,0.0,27.0,27.443474939730528,35.0,1h_top_tests=7;1h_failed_breakout;1h_no_accept_above_resistance;15m_clean_breakdown;15m_break_dist=0.22%,yes,0.5816,0.9347,yes,good_for_manual
NIGHTUSDT-SHORT-1775221200000-1,NIGHTUSDT-SHORT-1775221200000-1,1775221200000,NIGHTUSDT,SHORT,0.04368,0.0449904,0.04236959999999999,0.04105919999999999,EXPIRED,-0.0839,36,1775254648769,max bars reached,phase3-short-exhaustion-v5-scoreparts-manualdiag,short_exhaustion_retest,RANGE,66633.8,0.837,-0.5219203563867932,-0.08501973297505652,2.587125452848245,1.2375100924755993,0.0,neutral,3.0000000000000075,3.0000000000000075,3.0000000000000075,6.000000000000015,0.4330977889218206,0.0,0.0,31.0,25.107133301000385,35.0,1h_top_tests=2;1h_failed_breakout;1h_no_accept_above_resistance;1h_weakening_push;15m_clean_breakdown;15m_break_dist=0.21%,yes,0.3434,1.9231,yes,good_for_manual
KERNELUSDT-SHORT-1775304000000-1,KERNELUSDT-SHORT-1775304000000-1,1775304000000,KERNELUSDT,SHORT,0.11823,0.12177690000000001,0.1146831,0.11113619999999999,WIN_TP1,1.0000,6,1775310343381,tp1 hit,phase3-short-exhaustion-v5-scoreparts-manualdiag,short_exhaustion_retest,RANGE,67087.1,0.23,-0.062268262998482565,-0.062268262998482565,1.1109438327189622,0.15576765130703218,0.0,neutral,3.000000000000005,3.000000000000005,3.000000000000005,6.00000000000001,0.7721359630717618,0.0,0.0,31.0,27.76811594202897,35.0,1h_top_tests=2;1h_failed_breakout;1h_no_accept_above_resistance;1h_weakening_push;15m_clean_breakdown;15m_break_dist=1.17%,yes,4.0007,0.6766,yes,good_for_manual
DUSDT-SHORT-1775295900000-1,DUSDT-SHORT-1775295900000-1,1775295900000,DUSDT,SHORT,0.009805,0.010576635,0.009033365,0.00826173,LOSS_STOP,-1.0000,21,1775315741637,stop hit before tp,phase3-short-exhaustion-v5-scoreparts-manualdiag,short_exhaustion_retest,RANGE,66902.9,0.167,-0.11809142754770807,-0.07348537237818027,1.3026341160099189,0.22495287947159243,0.0,neutral,7.869811320754715,7.869811320754715,7.869811320754715,15.73962264150943,6.823149292026988,0.20906585574457082,0.0,25.0,26.808623201153445,35.0,1h_top_tests=2;1h_failed_breakout;1h_no_accept_above_resistance;15m_clean_breakdown;15m_break_dist=0.73%,no,3.4166,28.5059,yes,good_for_manual
SOLUSDT-SHORT-1775292300000-2,SOLUSDT-SHORT-1775292300000-2,1775292300000,SOLUSDT,SHORT,79.94,82.3382,77.5418,75.14359999999999,EXPIRED,-0.3920,36,1775325714354,max bars reached,phase3-short-exhaustion-v5-scoreparts-manualdiag,short_exhaustion_retest,RANGE,66940.4,0.242,-0.062106237496649584,0.04872376613786624,1.3019043806132022,0.22482686090910722,0.0,neutral,3.0000000000000036,3.0000000000000036,3.0000000000000036,6.000000000000007,0.1623579368052897,0.0,0.0,25.0,26.13462133676488,35.0,1h_top_tests=6;1h_failed_breakout;1h_no_accept_above_resistance;15m_clean_breakdown;15m_break_dist=0.17%,yes,0.5129,2.1266,yes,good_for_manual
BARDUSDT-SHORT-1775313000000-2,BARDUSDT-SHORT-1775313000000-2,1775313000000,BARDUSDT,SHORT,0.3029,0.311987,0.293813,0.284726,EXPIRED,-0.4842,36,1775346451405,max bars reached,phase3-short-exhaustion-v5-scoreparts-manualdiag,short_exhaustion_retest,RANGE,67312.8,0.569,0.2690346482662547,0.20378816748439088,1.2484995424347138,0.8183094511176029,0.0,neutral,3.0000000000000036,3.0000000000000036,3.0000000000000036,6.000000000000007,0.5907449950771329,0.0,0.0,33.0,29.40540540540544,35.0,1h_top_tests=2;1h_failed_breakout;1h_no_accept_above_resistance;1h_weakening_push;15m_clean_breakdown;15m_break_dist=0.62%,yes,1.0895,2.3770,yes,good_for_manual
BARDUSDT-SHORT-1775365200000-1,BARDUSDT-SHORT-1775365200000-1,1775365200000,BARDUSDT,SHORT,0.309,0.31827,0.29973,0.29046,WIN_TP1,1.0000,21,1775385104040,tp1 hit,phase3-short-exhaustion-v5-scoreparts-manualdiag,short_exhaustion_retest,RANGE,67051.6,0.22,-0.0944668360314902,-0.021769535175679058,1.0427789940881307,0.2237133128809651,0.0,neutral,3.0000000000000004,3.0000000000000004,3.0000000000000004,6.000000000000001,0.2904162633107492,0.0,0.0,35.0,25.214841625109813,35.0,1h_top_tests=3;1h_failed_breakout;1h_no_accept_above_resistance;1h_weakening_push;15m_clean_breakdown;15m_break_dist=0.23%,yes,3.5275,0.2589,yes,good_for_manual
ZECUSDT-SHORT-1775366100000-2,ZECUSDT-SHORT-1775366100000-2,1775366100000,ZECUSDT,SHORT,244.54,251.8762,237.20379999999997,229.86759999999995,WIN_TP1,1.0000,31,1775394971317,tp1 hit,phase3-short-exhaustion-v5-scoreparts-manualdiag,short_exhaustion_retest,RANGE,66879.4,-0.036,-0.34866308566830817,-0.03841261727433579,1.094058858183532,0.5041903722366302,0.0,neutral,3.000000000000008,3.000000000000008,3.000000000000008,6.000000000000016,0.5004679171583262,0.02441306912967501,0.0,25.0,28.371584699453543,35.0,1h_top_tests=2;1h_failed_breakout;1h_no_accept_above_resistance;15m_clean_breakdown;15m_break_dist=0.43%,yes,3.0915,2.1101,yes,good_for_manual
LTCUSDT-SHORT-1775364300000-1,LTCUSDT-SHORT-1775364300000-1,1775364300000,LTCUSDT,SHORT,53.15,54.7445,51.555499999999995,49.96099999999999,EXPIRED,0.1756,36,1775397639277,max bars reached,phase3-short-exhaustion-v5-scoreparts-manualdiag,short_exhaustion_retest,RANGE,67077.2,0.341,-0.0540874786741906,0.016252598179125596,1.0982867501923115,0.1866506055708901,0.0,neutral,3.0000000000000067,3.0000000000000067,3.0000000000000067,6.000000000000013,0.24399399399399876,0.0,0.0,35.0,28.129129129129108,35.0,1h_top_tests=3;1h_failed_breakout;1h_no_accept_above_resistance;1h_weakening_push;15m_clean_breakdown;15m_break_dist=0.21%,yes,1.0913,0.1129,yes,good_for_manual
DOTUSDT-SHORT-1775364300000-1,DOTUSDT-SHORT-1775364300000-1,1775364300000,DOTUSDT,SHORT,1.242,1.27926,1.20474,1.1674799999999999,EXPIRED,0.5368,36,1775397640881,max bars reached,phase3-short-exhaustion-v5-scoreparts-manualdiag,short_exhaustion_retest,RANGE,67077.1,0.341,-0.0540874786741906,0.016252598179125596,1.0982883875420928,0.1866506055708901,0.0,neutral,3.0000000000000058,3.0000000000000058,3.0000000000000058,6.0000000000000115,0.24096385542169588,0.0,0.0,33.0,26.636519452747613,35.0,1h_top_tests=3;1h_failed_breakout;1h_no_accept_above_resistance;1h_weakening_push;15m_clean_breakdown;15m_break_dist=0.24%,yes,2.2544,0.1610,yes,good_for_manual
ALGOUSDT-SHORT-1775375100000-1,ALGOUSDT-SHORT-1775375100000-1,1775375100000,ALGOUSDT,SHORT,0.1159,0.11937700000000001,0.112423,0.10894599999999999,LOSS_STOP,-1.0000,24,1775397643002,stop hit before tp,phase3-short-exhaustion-v5-scoreparts-manualdiag,short_exhaustion_retest,RANGE,66839.3,-0.194,0.08220113374679765,0.07785899735578868,1.4647071408587462,0.10292883398684419,0.0,neutral,3.0000000000000067,3.0000000000000067,3.0000000000000067,6.000000000000013,0.5150214592274706,0.0,0.0,33.0,29.18518518518514,35.0,1h_top_tests=3;1h_failed_breakout;1h_no_accept_above_resistance;1h_weakening_push;15m_clean_breakdown;15m_break_dist=0.43%,yes,1.5531,3.1924,yes,good_for_manual
WLDUSDT-SHORT-1775367900000-1,WLDUSDT-SHORT-1775367900000-1,1775367900000,WLDUSDT,SHORT,0.251,0.25853,0.24347000000000002,0.23594000000000004,EXPIRED,0.5312,36,1775401294772,max bars reached,phase3-short-exhaustion-v5-scoreparts-manualdiag,short_exhaustion_retest,RANGE,66605.2,-0.48,-0.7573737027572737,-0.4482468451583043,1.4515383183295043,0.8592422213280689,0.0,neutral,2.9999999999999925,2.9999999999999925,2.9999999999999925,5.999999999999985,0.8297115764519917,0.0,0.0,31.0,27.356593623681626,35.0,1h_top_tests=2;1h_failed_breakout;1h_no_accept_above_resistance;1h_weakening_push;15m_clean_breakdown;15m_break_dist=0.24%,yes,2.5896,0.7968,yes,good_for_manual
XRPUSDT-SHORT-1775367900000-1,XRPUSDT-SHORT-1775367900000-1,1775367900000,XRPUSDT,SHORT,1.2967,1.335601,1.257799,1.2188979999999998,EXPIRED,0.2905,36,1775401296335,max bars reached,phase3-short-exhaustion-v5-scoreparts-manualdiag,short_exhaustion_retest,RANGE,66613.7,-0.468,-0.7572247014386034,-0.435691748461627,1.4513531000379847,0.8592409312772451,0.0,neutral,3.0000000000000058,3.0000000000000058,3.0000000000000058,6.0000000000000115,0.544562049394087,0.0,0.0,27.0,28.743585249506474,35.0,1h_top_tests=5;1h_failed_breakout;1h_no_accept_above_resistance;15m_clean_breakdown;15m_break_dist=0.31%,yes,1.5192,0.5090,yes,good_for_manual
ENAUSDT-SHORT-1775368800000-1,ENAUSDT-SHORT-1775368800000-1,1775368800000,ENAUSDT,SHORT,0.0771,0.079413,0.074787,0.07247400000000001,EXPIRED,0.0865,36,1775402130676,max bars reached,phase3-short-exhaustion-v5-scoreparts-manualdiag,short_exhaustion_retest,RANGE,66739.8,-0.269,-0.556817927838657,-0.2470663671379355,1.4668908207696156,0.8757892591826766,0.0,neutral,2.9999999999999942,2.9999999999999942,2.9999999999999942,5.9999999999999885,0.8997429305912498,0.0,0.0,31.0,26.301299758810323,35.0,1h_top_tests=2;1h_failed_breakout;1h_no_accept_above_resistance;1h_weakening_push;15m_clean_breakdown;15m_break_dist=0.26%,yes,1.0376,1.6861,yes,good_for_manual
FETUSDT-SHORT-1775368800000-2,FETUSDT-SHORT-1775368800000-2,1775368800000,FETUSDT,SHORT,0.2275,0.234325,0.220675,0.21385,EXPIRED,-0.1319,36,1775402132396,max bars reached,phase3-short-exhaustion-v5-scoreparts-manualdiag,short_exhaustion_retest,RANGE,66790.3,-0.224,-0.4815722619145136,-0.1715863215210842,1.4657817078228426,0.8751270768360075,0.0,neutral,2.9999999999999987,2.9999999999999987,2.9999999999999987,5.999999999999997,0.2192982456140353,0.043859649122802186,0.0,31.0,29.925925925925934,35.0,1h_top_tests=2;1h_failed_breakout;1h_no_accept_above_resistance;1h_weakening_push;15m_clean_breakdown;15m_break_dist=0.53%,yes,1.4505,0.5275,yes,good_for_manual
BNBUSDT-SHORT-1775368800000-3,BNBUSDT-SHORT-1775368800000-3,1775368800000,BNBUSDT,SHORT,590.69,608.4107,572.9693000000001,555.2486000000001,EXPIRED,0.0243,36,1775402133918,max bars reached,phase3-short-exhaustion-v5-scoreparts-manualdiag,short_exhaustion_retest,RANGE,66809.9,-0.29,-0.469354153784261,0.05720995153627753,1.4653516918899745,0.8750196486448049,0.0,neutral,2.999999999999994,2.999999999999994,2.999999999999994,5.999999999999988,0.26003410837005275,0.0,0.0,35.0,29.756862745097976,35.0,1h_top_tests=3;1h_failed_breakout;1h_no_accept_above_resistance;1h_weakening_push;15m_clean_breakdown;15m_break_dist=0.57%,yes,0.5790,0.8211,yes,good_for_manual
HUSDT-SHORT-1775368800000-3,HUSDT-SHORT-1775368800000-3,1775368800000,HUSDT,SHORT,0.08256,0.0850368,0.0800832,0.07760639999999999,EXPIRED,0.5451,36,1775402135471,max bars reached,phase3-short-exhaustion-v5-scoreparts-manualdiag,short_exhaustion_retest,RANGE,66809.9,-0.29,-0.45251700477548795,0.057359715807301835,1.4653516918899745,0.8748716505662342,0.0,neutral,3.0000000000000018,3.0000000000000018,3.0000000000000018,6.0000000000000036,0.5061460592914,0.0,0.0,23.0,26.892485883884497,35.0,1h_top_tests=2;1h_failed_breakout;1h_no_accept_above_resistance;15m_clean_breakdown;15m_break_dist=0.90%,yes,2.1318,0.4845,yes,good_for_manual
DUSDT-SHORT-1775390400000-1,DUSDT-SHORT-1775390400000-1,1775390400000,DUSDT,SHORT,0.015597,0.018398029,0.012795971,0.009994942,WIN_TP1,1.0000,14,1775403968213,tp1 hit,phase3-short-exhaustion-v5-scoreparts-manualdiag,short_exhaustion_retest,RANGE,66837.2,-0.386,-0.2021719297564443,-0.2021719297564443,1.4647531614131053,0.21365315475042065,0.0,neutral,17.958767711739437,17.958767711739437,17.958767711739437,35.917535423478874,15.076772296635092,0.0,0.0,23.0,28.70301869994332,35.0,1h_top_tests=2;1h_failed_breakout;1h_no_accept_above_resistance;15m_clean_breakdown;15m_break_dist=1.02%,no,19.7282,17.6059,yes,good_for_manual
XLMUSDT-SHORT-1775374200000-1,XLMUSDT-SHORT-1775374200000-1,1775374200000,XLMUSDT,SHORT,0.15877,0.1635331,0.1540069,0.1492438,EXPIRED,0.0735,36,1775407631475,max bars reached,phase3-short-exhaustion-v5-scoreparts-manualdiag,short_exhaustion_retest,RANGE,66830.0,-0.24,0.0637844862953279,0.0637844862953279,1.4649109681280863,0.07167439772556364,0.0,neutral,2.9999999999999956,2.9999999999999956,2.9999999999999956,5.999999999999991,0.3452171729851839,0.0,0.0,27.0,28.032753092390266,35.0,1h_top_tests=4;1h_failed_breakout;1h_no_accept_above_resistance;15m_clean_breakdown;15m_break_dist=0.35%,yes,0.9826,0.8251,yes,good_for_manual
BARDUSDT-SHORT-1775384100000-1,BARDUSDT-SHORT-1775384100000-1,1775384100000,BARDUSDT,SHORT,0.2984,0.307352,0.289448,0.28049599999999997,EXPIRED,-0.1229,36,1775417556185,max bars reached,phase3-short-exhaustion-v5-scoreparts-manualdiag,short_exhaustion_retest,RANGE,67049.2,0.06,0.39184037707713076,0.07940772583437382,1.4601218209911528,0.5230495263918488,0.0,neutral,3.000000000000005,3.000000000000005,3.000000000000005,6.00000000000001,0.5996002664890152,0.0,0.0,35.0,27.007122825359314,35.0,1h_top_tests=3;1h_failed_breakout;1h_no_accept_above_resistance;1h_weakening_push;15m_clean_breakdown;15m_break_dist=0.40%,yes,2.2453,1.8767,yes,good_for_manual
AAVEUSDT-SHORT-1775387700000-2,AAVEUSDT-SHORT-1775387700000-2,1775387700000,AAVEUSDT,SHORT,91.95,94.7085,89.1915,86.433,EXPIRED,-0.0073,36,1775421034824,max bars reached,phase3-short-exhaustion-v5-scoreparts-manualdiag,short_exhaustion_retest,RANGE,66951.6,-0.264,-0.031505374577986654,-0.026428679148365067,1.462250342038129,0.03241147336284284,0.0,neutral,2.999999999999998,2.999999999999998,2.999999999999998,5.999999999999996,0.46546871617232366,0.0,0.0,25.0,29.02732240437152,35.0,1h_top_tests=4;1h_failed_breakout;1h_no_accept_above_resistance;15m_clean_breakdown;15m_break_dist=0.49%,yes,1.5117,0.7830,yes,good_for_manual
TAOUSDT-SHORT-1775390400000-1,TAOUSDT-SHORT-1775390400000-1,1775390400000,TAOUSDT,SHORT,297.71,306.6413,288.77869999999996,279.84739999999994,EXPIRED,-0.0761,36,1775423853707,max bars reached,phase3-short-exhaustion-v5-scoreparts-manualdiag,short_exhaustion_retest,RANGE,66825.4,-0.403,-0.22008967833161003,-0.22008967833161003,1.4650118068878002,0.22162264890691288,0.0,neutral,3.0000000000000075,3.0000000000000075,3.0000000000000075,6.000000000000015,0.23457658925640745,0.06702188264467968,0.0,35.0,24.291336829345045,35.0,1h_top_tests=4;1h_failed_breakout;1h_no_accept_above_resistance;1h_weakening_push;15m_clean_breakdown;15m_break_dist=0.15%,yes,0.8767,1.0077,yes,good_for_manual
FARTCOINUSDT-SHORT-1775417400000-2,FARTCOINUSDT-SHORT-1775417400000-2,1775417400000,FARTCOINUSDT,SHORT,0.1623,0.167169,0.157431,0.15256199999999998,LOSS_STOP,-1.0000,14,1775430962188,stop hit before tp,phase3-short-exhaustion-v5-scoreparts-manualdiag,short_exhaustion_retest,RANGE,67345.5,0.201,0.02435796706029663,0.02450649124969738,1.8607033877542016,0.12235412908064938,0.0,neutral,3.0000000000000075,3.0000000000000075,3.0000000000000075,6.000000000000015,0.1230769230769266,0.18461538461538135,0.0,31.0,28.899519054033178,35.0,1h_top_tests=2;1h_failed_breakout;1h_no_accept_above_resistance;1h_weakening_push;15m_clean_breakdown;15m_break_dist=0.37%,yes,0.8626,3.0807,yes,good_for_manual
1000BONKUSDT-SHORT-1775417400000-2,1000BONKUSDT-SHORT-1775417400000-2,1775417400000,1000BONKUSDT,SHORT,0.005416,0.00557848,0.005253519999999999,0.005091039999999999,LOSS_STOP,-1.0000,14,1775430964187,stop hit before tp,phase3-short-exhaustion-v5-scoreparts-manualdiag,short_exhaustion_retest,RANGE,67345.6,0.201,0.02435796706029663,0.02435796706029663,1.8607006248366718,0.12235412908064938,0.0,neutral,3.000000000000008,3.000000000000008,3.000000000000008,6.000000000000016,0.2761922297919399,0.0,0.0,27.0,29.2941176470588,35.0,1h_top_tests=3;1h_failed_breakout;1h_no_accept_above_resistance;15m_clean_breakdown;15m_break_dist=0.46%,yes,0.5539,3.2127,yes,good_for_manual
WLDUSDT-SHORT-1775422800000-1,WLDUSDT-SHORT-1775422800000-1,1775422800000,WLDUSDT,SHORT,0.2402,0.24740600000000001,0.23299399999999998,0.22578799999999996,LOSS_STOP,-1.0000,9,1775431959001,stop hit before tp,phase3-short-exhaustion-v5-scoreparts-manualdiag,short_exhaustion_retest,RANGE,67455.0,0.314,0.18699195444465197,-0.2686411371341256,1.857682899710927,0.5621525461418896,0.0,neutral,3.0000000000000075,3.0000000000000075,3.0000000000000075,6.000000000000015,0.33195020746887766,0.04149377593361691,0.0,35.0,27.357509413543777,35.0,1h_top_tests=4;1h_failed_breakout;1h_no_accept_above_resistance;1h_weakening_push;15m_clean_breakdown;15m_break_dist=0.37%,yes,0.4163,3.3306,yes,good_for_manual
ASTERUSDT-SHORT-1775403900000-1,ASTERUSDT-SHORT-1775403900000-1,1775403900000,ASTERUSDT,SHORT,0.6617,0.681551,0.6418489999999999,0.6219979999999998,EXPIRED,-0.3476,36,1775437288499,max bars reached,phase3-short-exhaustion-v5-scoreparts-manualdiag,short_exhaustion_retest,RANGE,67276.7,-0.031,0.006540591804651447,0.006540591804651447,1.8626062217677233,0.18594875484195963,0.0,neutral,3.0000000000000098,3.0000000000000098,3.0000000000000098,6.0000000000000195,0.13582855418050288,0.10564443102928374,0.0,35.0,27.81497479452219,35.0,1h_top_tests=9;1h_failed_breakout;1h_no_accept_above_resistance;1h_weakening_push;15m_clean_breakdown;15m_break_dist=0.23%,yes,0.6045,1.4508,yes,good_for_manual
ENAUSDT-SHORT-1775456100000-1,ENAUSDT-SHORT-1775456100000-1,1775456100000,ENAUSDT,SHORT,0.0803,0.082709,0.07789099999999999,0.07548199999999998,LOSS_STOP,-1.0000,16,1775471505728,stop hit before tp,phase3-short-exhaustion-v5-scoreparts-manualdiag,short_exhaustion_retest,BULLISH,68934.2,3.241,-0.23258708627866032,-0.33122684050654977,4.254782096550044,0.8248744771998823,0.0,bullish,3.0000000000000107,3.0000000000000107,3.0000000000000107,6.000000000000021,0.12437810945273987,0.12437810945273987,0.0,31.0,25.71067328323887,35.0,1h_top_tests=2;1h_failed_breakout;1h_no_accept_above_resistance;1h_weakening_push;15m_clean_breakdown;15m_break_dist=0.25%,yes,0.2491,3.1133,yes,good_for_manual
SOLUSDT-SHORT-1775456100000-2,SOLUSDT-SHORT-1775456100000-2,1775456100000,SOLUSDT,SHORT,81.45,83.8935,79.0065,76.563,EXPIRED,-0.2742,36,1775489518997,max bars reached,phase3-short-exhaustion-v5-scoreparts-manualdiag,short_exhaustion_retest,BULLISH,68941.4,3.25,-0.21869264926387166,-0.025087479897392077,4.254337741908346,0.8247596143385623,0.0,bullish,3.0000000000000004,3.0000000000000004,3.0000000000000004,6.000000000000001,0.29379360998897647,0.0,0.0,25.0,30.0,35.0,1h_top_tests=2;1h_failed_breakout;1h_no_accept_above_resistance;15m_clean_breakdown;15m_break_dist=0.50%,yes,0.6630,2.1240,yes,good_for_manual
BSBUSDT-SHORT-1775485800000-1,BSBUSDT-SHORT-1775485800000-1,1775485800000,BSBUSDT,SHORT,0.18387,0.1893861,0.1783539,0.1728378,WIN_TP1,1.0000,6,1775492179302,tp1 hit,phase3-short-exhaustion-v5-scoreparts-manualdiag,short_exhaustion_retest,BULLISH,69601.1,4.049,0.013940066337466141,-0.027147371444978714,4.971616827894945,1.010585789149247,0.0,bullish,2.999999999999998,2.999999999999998,2.999999999999998,5.999999999999996,0.9160963517810029,0.0,0.0,33.0,25.965319885726487,35.0,1h_top_tests=2;1h_failed_breakout;1h_no_accept_above_resistance;1h_weakening_push;15m_clean_breakdown;15m_break_dist=0.17%,yes,5.5202,2.0558,yes,good_for_manual
ONDOUSDT-SHORT-1775482200000-1,ONDOUSDT-SHORT-1775482200000-1,1775482200000,ONDOUSDT,SHORT,0.2647,0.272641,0.25675899999999996,0.24881799999999993,EXPIRED,0.7178,36,1775515576529,max bars reached,phase3-short-exhaustion-v5-scoreparts-manualdiag,short_exhaustion_retest,BULLISH,69308.1,3.59,-0.4006691231842027,-0.13688800255908518,5.006341250156891,0.6807609285359576,0.0,bullish,3.000000000000012,3.000000000000012,3.000000000000012,6.000000000000024,0.15088645794040417,0.0,0.0,35.0,26.614359361247164,35.0,1h_top_tests=3;1h_failed_breakout;1h_no_accept_above_resistance;1h_weakening_push;15m_clean_breakdown;15m_break_dist=0.26%,yes,2.4934,0.4911,yes,good_for_manual
ALGOUSDT-SHORT-1775513700000-1,ALGOUSDT-SHORT-1775513700000-1,1775513700000,ALGOUSDT,SHORT,0.1191,0.122673,0.11552699999999999,0.11195399999999998,WIN_TP1,1.0000,14,1775527285579,tp1 hit,phase3-short-exhaustion-v5-scoreparts-manualdiag,short_exhaustion_retest,BULLISH,69152.3,1.597,-0.7927718033765333,-0.4627463962634848,3.402056041519957,1.139226228522018,0.0,bullish,3.0000000000000058,3.0000000000000058,3.0000000000000058,6.0000000000000115,0.25125628140704237,0.0,0.0,35.0,28.57808314656551,35.0,1h_top_tests=3;1h_failed_breakout;1h_no_accept_above_resistance;1h_weakening_push;15m_clean_breakdown;15m_break_dist=0.42%,yes,3.6104,0.9236,yes,good_for_manual
BNBUSDT-SHORT-1775494800000-2,BNBUSDT-SHORT-1775494800000-2,1775494800000,BNBUSDT,SHORT,604.73,622.8719,586.5881,568.4462000000001,EXPIRED,0.3781,36,1775528118722,max bars reached,phase3-short-exhaustion-v5-scoreparts-manualdiag,short_exhaustion_retest,BULLISH,69428.7,3.116,-0.7050663234295113,-0.4737726350072823,4.4447037032235865,1.5735386255122101,0.0,bullish,2.999999999999994,2.999999999999994,2.999999999999994,5.999999999999988,0.07270684270534576,0.06940198621876048,0.0,35.0,28.447337810673563,35.0,1h_top_tests=4;1h_failed_breakout;1h_no_accept_above_resistance;1h_weakening_push;15m_clean_breakdown;15m_break_dist=0.24%,yes,1.3890,0.6052,yes,good_for_manual
DOGEUSDT-SHORT-1775494800000-2,DOGEUSDT-SHORT-1775494800000-2,1775494800000,DOGEUSDT,SHORT,0.0918,0.09455400000000001,0.089046,0.086292,EXPIRED,0.5084,36,1775528120431,max bars reached,phase3-short-exhaustion-v5-scoreparts-manualdiag,short_exhaustion_retest,BULLISH,69428.7,3.116,-0.7050663234295113,-0.4737726350072823,4.4447037032235865,1.5735386255122101,0.0,bullish,3.0000000000000067,3.0000000000000067,3.0000000000000067,6.000000000000013,0.2824245057571109,0.0,0.0,33.0,29.7291666666666,35.0,1h_top_tests=2;1h_failed_breakout;1h_no_accept_above_resistance;1h_weakening_push;15m_clean_breakdown;15m_break_dist=0.35%,yes,2.1351,0.4466,yes,good_for_manual
4USDT-SHORT-1775529900000-1,4USDT-SHORT-1775529900000-1,1775529900000,4USDT,SHORT,0.016733,0.017234990000000002,0.01623101,0.01572902,LOSS_STOP,-1.0000,3,1775533619810,stop hit before tp,phase3-short-exhaustion-v5-scoreparts-manualdiag,short_exhaustion_retest,RANGE,68699.9,-0.611,-0.17132170554462456,0.08697514433939987,3.0640510393756033,1.2662299854439718,0.0,neutral,3.0000000000000044,3.0000000000000044,3.0000000000000044,6.000000000000009,1.2336205878880735,0.0,0.0,31.0,25.562454261412785,35.0,1h_top_tests=2;1h_failed_breakout;1h_no_accept_above_resistance;1h_weakening_push;15m_clean_breakdown;15m_break_dist=0.21%,yes,2.6594,3.5977,yes,good_for_manual
ETCUSDT-SHORT-1775514600000-1,ETCUSDT-SHORT-1775514600000-1,1775514600000,ETCUSDT,SHORT,8.444,8.697320000000001,8.19068,7.93736,WIN_TP1,1.0000,23,1775536270916,tp1 hit,phase3-short-exhaustion-v5-scoreparts-manualdiag,short_exhaustion_retest,RANGE,68722.1,0.599,-1.390722016274358,-0.060630645956301785,3.056513115868112,1.774631412634542,0.0,neutral,3.000000000000005,3.000000000000005,3.000000000000005,6.00000000000001,0.44800754539022025,0.0,0.0,25.0,29.36128673185491,35.0,1h_top_tests=2;1h_failed_breakout;1h_no_accept_above_resistance;15m_clean_breakdown;15m_break_dist=0.27%,yes,3.8726,0.2842,yes,good_for_manual
AVAXUSDT-SHORT-1775523600000-1,AVAXUSDT-SHORT-1775523600000-1,1775523600000,AVAXUSDT,SHORT,8.77,9.0331,8.5069,8.2438,WIN_TP1,1.0000,20,1775542582213,tp1 hit,phase3-short-exhaustion-v5-scoreparts-manualdiag,short_exhaustion_retest,RANGE,68715.1,-0.342,-0.1493797398641754,-0.0317143035873575,3.0633732614811007,0.8903428795126586,0.0,neutral,2.9999999999999964,2.9999999999999964,2.9999999999999964,5.999999999999993,0.27291335001138173,0.0909711166704471,0.0,33.0,25.156607113711367,35.0,1h_top_tests=4;1h_failed_breakout;1h_no_accept_above_resistance;1h_weakening_push;15m_clean_breakdown;15m_break_dist=0.26%,yes,3.5348,0.3649,yes,good_for_manual
UNIUSDT-SHORT-1775511000000-1,UNIUSDT-SHORT-1775511000000-1,1775511000000,UNIUSDT,SHORT,3.135,3.22905,3.0409499999999996,2.9468999999999994,EXPIRED,0.7868,36,1775544430685,max bars reached,phase3-short-exhaustion-v5-scoreparts-manualdiag,short_exhaustion_retest,BULLISH,69415.4,2.88,-0.42149177674995536,-0.08362539851605337,4.349034940373453,0.8067885493653744,0.0,bullish,3.000000000000006,3.000000000000006,3.000000000000006,6.000000000000012,0.22278803309994008,0.0,0.0,33.0,26.377329289449897,35.0,1h_top_tests=4;1h_failed_breakout;1h_no_accept_above_resistance;1h_weakening_push;15m_clean_breakdown;15m_break_dist=0.22%,yes,2.7751,0.1276,yes,good_for_manual
NEARUSDT-SHORT-1775511000000-1,NEARUSDT-SHORT-1775511000000-1,1775511000000,NEARUSDT,SHORT,1.255,1.2926499999999999,1.21735,1.1797,EXPIRED,0.6375,36,1775544432590,max bars reached,phase3-short-exhaustion-v5-scoreparts-manualdiag,short_exhaustion_retest,BULLISH,69410.1,2.872,-0.4213483146067374,-0.09542795045807274,4.349367022954864,0.8067873870317571,0.0,bullish,2.9999999999999973,2.9999999999999973,2.9999999999999973,5.999999999999995,0.31771247021445626,0.0,0.0,25.0,29.999999999999925,35.0,1h_top_tests=2;1h_failed_breakout;1h_no_accept_above_resistance;15m_clean_breakdown;15m_break_dist=0.40%,yes,2.3904,0.5578,yes,good_for_manual
ASTERUSDT-SHORT-1775513700000-1,ASTERUSDT-SHORT-1775513700000-1,1775513700000,ASTERUSDT,SHORT,0.6592,0.678976,0.639424,0.619648,EXPIRED,-0.3439,36,1775547104076,max bars reached,phase3-short-exhaustion-v5-scoreparts-manualdiag,short_exhaustion_retest,BULLISH,69155.0,1.601,-0.788611401223441,-0.46677653595100915,3.401923215964147,1.1351295855258685,0.0,bullish,3.000000000000002,3.000000000000002,3.000000000000002,6.000000000000004,0.2421307506053338,0.0,0.0,33.0,25.327709651383806,35.0,1h_top_tests=7;1h_failed_breakout;1h_no_accept_above_resistance;1h_weakening_push;15m_clean_breakdown;15m_break_dist=0.15%,yes,1.6990,1.3653,yes,good_for_manual
TAOUSDT-SHORT-1775515500000-1,TAOUSDT-SHORT-1775515500000-1,1775515500000,TAOUSDT,SHORT,311.98,321.3394,302.6206,293.26120000000003,EXPIRED,0.0662,36,1775548933763,max bars reached,phase3-short-exhaustion-v5-scoreparts-manualdiag,short_exhaustion_retest,RANGE,68564.3,-0.371,-1.6478061769060464,-0.3057703799665919,3.07011083027173,2.497950586526091,0.0,neutral,2.999999999999998,2.999999999999998,2.999999999999998,5.999999999999996,0.3895274584929663,0.08620689655173648,0.0,35.0,29.877577029343254,35.0,1h_top_tests=4;1h_failed_breakout;1h_no_accept_above_resistance;1h_weakening_push;15m_clean_breakdown;15m_break_dist=0.66%,yes,1.1058,1.0353,yes,good_for_manual
BCHUSDT-SHORT-1775515500000-2,BCHUSDT-SHORT-1775515500000-2,1775515500000,BCHUSDT,SHORT,433.87,446.8861,420.8539,407.8378,EXPIRED,0.2420,36,1775548935432,max bars reached,phase3-short-exhaustion-v5-scoreparts-manualdiag,short_exhaustion_retest,RANGE,68535.3,-0.443,-1.66100469408133,-0.33455903200339326,3.071409915766036,2.4982858476665646,0.0,neutral,2.9999999999999987,2.9999999999999987,2.9999999999999987,5.999999999999997,0.46341967010025054,0.0,0.0,27.0,30.0,35.0,1h_top_tests=9;1h_failed_breakout;1h_no_accept_above_resistance;15m_clean_breakdown;15m_break_dist=0.39%,yes,0.9842,0.9058,yes,good_for_manual
AAVEUSDT-SHORT-1775539800000-1,AAVEUSDT-SHORT-1775539800000-1,1775539800000,AAVEUSDT,SHORT,92.11,94.8733,89.3467,86.5834,WIN_TP1,1.0000,20,1775558813923,tp1 hit,phase3-short-exhaustion-v5-scoreparts-manualdiag,short_exhaustion_retest,RANGE,68563.1,-0.815,-0.2664870691222612,-0.09383993297146796,3.070164563737637,0.6491830153537482,0.0,neutral,3.000000000000001,3.000000000000001,3.000000000000001,6.000000000000002,0.20585048754062593,0.0,0.0,27.0,25.461418081136504,35.0,1h_top_tests=3;1h_failed_breakout;1h_no_accept_above_resistance;15m_clean_breakdown;15m_break_dist=0.18%,yes,3.0941,0.3908,yes,good_for_manual
ALGOUSDT-SHORT-1775527200000-1,ALGOUSDT-SHORT-1775527200000-1,1775527200000,ALGOUSDT,SHORT,0.1146,0.11803799999999999,0.111162,0.107724,EXPIRED,0.7563,36,1775560652672,max bars reached,phase3-short-exhaustion-v5-scoreparts-manualdiag,short_exhaustion_retest,BEARISH,68524.9,-1.004,-0.4314284510279945,0.2390150357133059,3.071876062569957,1.2695378059281224,0.0,bearish,2.9999999999999973,2.9999999999999973,2.9999999999999973,5.999999999999995,0.17421602787456944,0.17421602787456944,0.0,31.0,27.217027841536027,35.0,1h_top_tests=2;1h_failed_breakout;1h_no_accept_above_resistance;1h_weakening_push;15m_clean_breakdown;15m_break_dist=0.26%,yes,2.7051,1.2216,yes,good_for_manual
MMTUSDT-SHORT-1775527200000-2,MMTUSDT-SHORT-1775527200000-2,1775527200000,MMTUSDT,SHORT,0.1203,0.123909,0.116691,0.113082,EXPIRED,-0.0554,36,1775560654295,max bars reached,phase3-short-exhaustion-v5-scoreparts-manualdiag,short_exhaustion_retest,RANGE,68570.2,-0.884,-0.36008073480880465,0.25817719585921817,3.0698466680861367,1.2686287463486399,0.0,neutral,3.000000000000001,3.000000000000001,3.000000000000001,6.000000000000002,0.33140016570008085,0.0,0.0,31.0,27.57810231609724,35.0,1h_top_tests=2;1h_failed_breakout;1h_no_accept_above_resistance;1h_weakening_push;15m_clean_breakdown;15m_break_dist=0.41%,yes,2.9094,1.0806,yes,good_for_manual
ARIAUSDT-SHORT-1775549700000-1,ARIAUSDT-SHORT-1775549700000-1,1775549700000,ARIAUSDT,SHORT,0.5448,0.5647892999999999,0.5248107,0.5048214,WIN_TP1,1.0000,18,1775566825437,tp1 hit,phase3-short-exhaustion-v5-scoreparts-manualdiag,short_exhaustion_retest,RANGE,68891.6,-0.502,0.43722236234201045,0.4544255096432345,3.055524911600253,0.5244440573651554,0.0,neutral,3.6691079295154165,3.6691079295154165,3.6691079295154165,7.338215859030833,3.1810911675848637,0.07108583614715958,0.0,23.0,29.16290726817042,35.0,1h_top_tests=2;1h_failed_breakout;1h_no_accept_above_resistance;15m_clean_breakdown;15m_break_dist=0.62%,no,6.6446,3.5059,yes,good_for_manual
MONUSDT-SHORT-1775556900000-1,MONUSDT-SHORT-1775556900000-1,1775556900000,MONUSDT,SHORT,0.02662,0.0274186,0.0258214,0.0250228,WIN_TP1,1.0000,16,1775572356474,tp1 hit,phase3-short-exhaustion-v5-scoreparts-manualdiag,short_exhaustion_retest,BEARISH,68373.1,-2.096,-0.30790717881506996,-1.0293764415466529,3.078696153896781,1.2567836925223186,0.0,bearish,3.0,3.0,3.0,6.0,1.0408921933085464,0.0,0.0,25.0,27.440922956228853,35.0,1h_top_tests=2;1h_failed_breakout;1h_no_accept_above_resistance;15m_clean_breakdown;15m_break_dist=0.52%,yes,3.1931,0.9391,yes,good_for_manual
XRPUSDT-SHORT-1775539800000-2,XRPUSDT-SHORT-1775539800000-2,1775539800000,XRPUSDT,SHORT,1.3083,1.347549,1.269051,1.2298019999999998,EXPIRED,0.2573,36,1775573194268,max bars reached,phase3-short-exhaustion-v5-scoreparts-manualdiag,short_exhaustion_retest,BEARISH,68524.1,-1.027,-0.3316542126630815,-0.15911988634293409,3.0719119258771728,0.7379050560215386,0.0,bearish,3.0000000000000067,3.0000000000000067,3.0000000000000067,6.000000000000013,0.2972107910379526,0.0,0.0,33.0,24.228250912477886,35.0,1h_top_tests=5;1h_failed_breakout;1h_no_accept_above_resistance;1h_weakening_push;15m_clean_breakdown;15m_break_dist=0.15%,yes,0.8790,1.2077,yes,good_for_manual
1000SHIBUSDT-SHORT-1775541600000-2,1000SHIBUSDT-SHORT-1775541600000-2,1775541600000,1000SHIBUSDT,SHORT,0.005836,0.00601108,0.00566092,0.00548584,EXPIRED,0.1428,36,1775575042513,max bars reached,phase3-short-exhaustion-v5-scoreparts-manualdiag,short_exhaustion_retest,RANGE,68511.1,-0.619,-0.34692776193046027,-0.16961130742048622,3.0724948220069446,0.8101267300949672,0.0,neutral,3.0000000000000036,3.0000000000000036,3.0000000000000036,6.000000000000007,0.10270455323519222,0.0,0.0,23.0,27.084824388164243,35.0,1h_top_tests=2;1h_failed_breakout;1h_no_accept_above_resistance;15m_clean_breakdown;15m_break_dist=0.24%,yes,1.0281,0.9082,yes,good_for_manual
CRVUSDT-SHORT-1775542500000-1,CRVUSDT-SHORT-1775542500000-1,1775542500000,CRVUSDT,SHORT,0.207,0.21320999999999998,0.20079,0.19458,EXPIRED,0.6441,36,1775575879141,max bars reached,phase3-short-exhaustion-v5-scoreparts-manualdiag,short_exhaustion_retest,RANGE,68511.1,-0.619,-0.34227296596326334,-0.16961130742048622,3.0724948220069446,0.8100888908350484,0.0,neutral,2.999999999999997,2.999999999999997,2.999999999999997,5.999999999999994,0.4807692307692312,0.0,0.0,27.0,27.126469749806716,35.0,1h_top_tests=3;1h_failed_breakout;1h_no_accept_above_resistance;15m_clean_breakdown;15m_break_dist=0.48%,yes,2.8986,1.9324,yes,good_for_manual
ARBUSDT-SHORT-1775563200000-1,ARBUSDT-SHORT-1775563200000-1,1775563200000,ARBUSDT,SHORT,0.0934,0.096202,0.090598,0.087796,LOSS_STOP,-1.0000,31,1775592166633,stop hit before tp,phase3-short-exhaustion-v5-scoreparts-manualdiag,short_exhaustion_retest,BEARISH,68357.0,-1.519,0.06763205818113253,0.06763205818113253,3.3639568734730894,0.5913074008514082,0.0,bearish,2.9999999999999987,2.9999999999999987,2.9999999999999987,5.999999999999997,0.21367521367521977,0.0,0.0,35.0,27.63636363636356,35.0,1h_top_tests=3;1h_failed_breakout;1h_no_accept_above_resistance;1h_weakening_push;15m_clean_breakdown;15m_break_dist=0.43%,yes,0.6424,4.1756,yes,good_for_manual
ASTERUSDT-SHORT-1775559600000-1,ASTERUSDT-SHORT-1775559600000-1,1775559600000,ASTERUSDT,SHORT,0.6658,0.685774,0.6458259999999999,0.6258519999999999,EXPIRED,-0.1302,36,1775592997157,max bars reached,phase3-short-exhaustion-v5-scoreparts-manualdiag,short_exhaustion_retest,BEARISH,68288.9,-1.82,-0.44203341201102114,0.13607836236729853,3.3673115250062606,1.7367390600815067,0.0,bearish,3.000000000000007,3.000000000000007,3.000000000000007,6.000000000000014,0.20983213429257608,0.0,0.0,35.0,24.612040820496897,35.0,1h_top_tests=4;1h_failed_breakout;1h_no_accept_above_resistance;1h_weakening_push;15m_clean_breakdown;15m_break_dist=0.16%,yes,1.0063,0.6759,yes,good_for_manual
PIPPINUSDT-SHORT-1775588400000-1,PIPPINUSDT-SHORT-1775588400000-1,1775588400000,PIPPINUSDT,SHORT,0.0332,0.034196000000000004,0.032203999999999997,0.031207999999999993,LOSS_STOP,-1.0000,4,1775592998844,stop hit before tp,phase3-short-exhaustion-v5-scoreparts-manualdiag,short_exhaustion_retest,BEARISH,68500.0,-1.912,0.5271623636598624,0.11167353907186534,3.254014598540146,1.381216276190707,0.0,bearish,3.0000000000000115,3.0000000000000115,3.0000000000000115,6.000000000000023,1.804199940845902,0.029577048210597638,0.0,33.0,27.572784588153954,35.0,1h_top_tests=3;1h_failed_breakout;1h_no_accept_above_resistance;1h_weakening_push;15m_clean_breakdown;15m_break_dist=0.41%,yes,0.9337,3.1928,yes,good_for_manual
DOTUSDT-SHORT-1775563200000-2,DOTUSDT-SHORT-1775563200000-2,1775563200000,DOTUSDT,SHORT,1.224,1.26072,1.18728,1.1505599999999998,EXPIRED,-0.7353,36,1775596645459,max bars reached,phase3-short-exhaustion-v5-scoreparts-manualdiag,short_exhaustion_retest,BEARISH,68281.4,-1.733,-0.043038582478918015,-0.043038582478918015,3.3676813890752095,0.5919620863075408,0.0,bearish,3.000000000000007,3.000000000000007,3.000000000000007,6.000000000000014,0.40683482506103463,0.0,0.0,35.0,28.44444444444448,35.0,1h_top_tests=3;1h_failed_breakout;1h_no_accept_above_resistance;1h_weakening_push;15m_clean_breakdown;15m_break_dist=0.49%,yes,1.7157,2.5327,yes,good_for_manual
WLFIUSDT-SHORT-1775655000000-1,WLFIUSDT-SHORT-1775655000000-1,1775655000000,WLFIUSDT,SHORT,0.0971,0.100013,0.094187,0.09127400000000001,WIN_TP1,1.0000,20,1775673982900,tp1 hit,phase3-short-exhaustion-v5-scoreparts-manualdiag,short_exhaustion_retest,BULLISH,71626.8,5.004,-0.02735512252581468,0.09418248485256211,7.186555870149161,1.9522382892227539,0.0,bullish,2.9999999999999987,2.9999999999999987,2.9999999999999987,5.999999999999997,0.30800821355235597,0.10266940451745674,0.0,35.0,28.66666666666661,35.0,1h_top_tests=4;1h_failed_breakout;1h_no_accept_above_resistance;1h_weakening_push;15m_clean_breakdown;15m_break_dist=0.31%,yes,3.1926,0.4119,yes,good_for_manual
FETUSDT-SHORT-1775657700000-3,FETUSDT-SHORT-1775657700000-3,1775657700000,FETUSDT,SHORT,0.248,0.25544,0.24056,0.23312,WIN_TP1,1.0000,19,1775675843484,tp1 hit,phase3-short-exhaustion-v5-scoreparts-manualdiag,short_exhaustion_retest,BULLISH,71093.2,4.591,-0.7865993395691726,0.2894707143663202,6.91725790933591,3.076388517667175,0.0,bullish,3.000000000000001,3.000000000000001,3.000000000000001,6.000000000000002,0.40160642570281163,0.0,0.0,27.0,24.747133175477966,35.0,1h_top_tests=3;1h_failed_breakout;1h_no_accept_above_resistance;15m_clean_breakdown;15m_break_dist=0.24%,yes,3.0645,1.0887,yes,good_for_manual
UNIUSDT-SHORT-1775657700000-1,UNIUSDT-SHORT-1775657700000-1,1775657700000,UNIUSDT,SHORT,3.173,3.26819,3.07781,2.98262,EXPIRED,0.6408,36,1775691149323,max bars reached,phase3-short-exhaustion-v5-scoreparts-manualdiag,short_exhaustion_retest,BULLISH,71096.8,4.591,-0.7723635104996137,-0.6388758468039398,7.240128950951378,2.754695007370233,0.0,bullish,3.0000000000000036,3.0000000000000036,3.0000000000000036,6.000000000000007,0.9056839475327894,0.0,0.0,35.0,25.205512259244383,35.0,1h_top_tests=5;1h_failed_breakout;1h_no_accept_above_resistance;1h_weakening_push;15m_clean_breakdown;15m_break_dist=0.19%,yes,2.0485,0.8194,yes,good_for_manual
APTUSDT-SHORT-1775658600000-1,APTUSDT-SHORT-1775658600000-1,1775658600000,APTUSDT,SHORT,0.8404,0.865612,0.815188,0.789976,EXPIRED,0.3847,36,1775691985616,max bars reached,phase3-short-exhaustion-v5-scoreparts-manualdiag,short_exhaustion_retest,BULLISH,70877.3,4.491,-1.0750842286553324,-0.011285407967498025,7.2625509154553,3.0853598834084055,0.0,bullish,3.0000000000000013,3.0000000000000013,3.0000000000000013,6.000000000000003,0.8611537100389257,0.0,0.0,27.0,25.837310054767208,35.0,1h_top_tests=3;1h_failed_breakout;1h_no_accept_above_resistance;15m_clean_breakdown;15m_break_dist=0.21%,yes,1.6540,1.0471,yes,good_for_manual
HYPEUSDT-SHORT-1775658600000-1,HYPEUSDT-SHORT-1775658600000-1,1775658600000,HYPEUSDT,SHORT,38.588,39.74564,37.43036,36.27272,EXPIRED,-0.0259,36,1775691987259,max bars reached,phase3-short-exhaustion-v5-scoreparts-manualdiag,short_exhaustion_retest,BULLISH,70875.0,4.487,-1.08527261612667,-0.021724410337425486,7.2627865961199305,3.085677680796237,0.0,bullish,3.0000000000000018,3.0000000000000018,3.0000000000000018,6.0000000000000036,0.6692751235584793,0.0,0.0,25.0,27.082309548821947,35.0,1h_top_tests=3;1h_failed_breakout;1h_no_accept_above_resistance;15m_clean_breakdown;15m_break_dist=0.49%,yes,2.1976,2.8999,yes,good_for_manual
SOLUSDT-SHORT-1775658600000-3,SOLUSDT-SHORT-1775658600000-3,1775658600000,SOLUSDT,SHORT,83.13,85.62389999999999,80.6361,78.1422,EXPIRED,0.2526,36,1775691988871,max bars reached,phase3-short-exhaustion-v5-scoreparts-manualdiag,short_exhaustion_retest,BULLISH,71111.4,4.384,-0.7519867355569181,0.3152860850919761,6.774863102118644,3.075315631530239,0.0,bullish,2.9999999999999956,2.9999999999999956,2.9999999999999956,5.999999999999991,0.2280364858377313,0.0,0.0,35.0,27.316139972957973,35.0,1h_top_tests=8;1h_failed_breakout;1h_no_accept_above_resistance;1h_weakening_push;15m_clean_breakdown;15m_break_dist=0.56%,yes,1.1548,1.2511,yes,good_for_manual
ADAUSDT-SHORT-1775658600000-3,ADAUSDT-SHORT-1775658600000-3,1775658600000,ADAUSDT,SHORT,0.2535,0.26110500000000003,0.24589499999999997,0.23828999999999995,EXPIRED,0.4208,36,1775691990424,max bars reached,phase3-short-exhaustion-v5-scoreparts-manualdiag,short_exhaustion_retest,BULLISH,71113.3,4.386,-0.7519867355569181,0.3151450174923741,6.774682091816857,3.075315631530239,0.0,bullish,3.0000000000000115,3.0000000000000115,3.0000000000000115,6.000000000000023,0.4320502749410801,0.0,0.0,33.0,26.764199401105483,35.0,1h_top_tests=2;1h_failed_breakout;1h_no_accept_above_resistance;1h_weakening_push;15m_clean_breakdown;15m_break_dist=0.43%,yes,1.5779,1.0651,yes,good_for_manual
PAXGUSDT-SHORT-1775659500000-1,PAXGUSDT-SHORT-1775659500000-1,1775659500000,PAXGUSDT,SHORT,4725.0,4866.75,4583.25,4441.5,EXPIRED,0.1774,36,1775692825327,max bars reached,phase3-short-exhaustion-v5-scoreparts-manualdiag,short_exhaustion_retest,BULLISH,71089.2,4.585,-0.7905072142157233,0.27606929240491634,6.917647125020393,3.076509697005498,0.0,bullish,3.0,3.0,3.0,6.0,0.1348443794410956,0.0,0.0,31.0,28.72779438519047,35.0,1h_top_tests=2;1h_failed_breakout;1h_no_accept_above_resistance;1h_weakening_push;15m_clean_breakdown;15m_break_dist=0.29%,yes,0.9361,0.4586,yes,good_for_manual
KERNELUSDT-SHORT-1775688300000-2,KERNELUSDT-SHORT-1775688300000-2,1775688300000,KERNELUSDT,SHORT,0.08412,0.0866436,0.0815964,0.0790728,WIN_TP1,1.0000,5,1775693824766,tp1 hit,phase3-short-exhaustion-v5-scoreparts-manualdiag,short_exhaustion_retest,BEARISH,70938.0,-2.062,-0.48398636421026053,-0.12150770933328861,3.082832896332,1.234599227494436,0.0,bearish,3.000000000000001,3.000000000000001,3.000000000000001,6.000000000000002,1.0352941176470656,0.01176470588234838,0.0,25.0,25.383739625291877,35.0,1h_top_tests=2;1h_failed_breakout;1h_no_accept_above_resistance;15m_clean_breakdown;15m_break_dist=0.40%,yes,3.4356,1.1888,yes,good_for_manual
DOTUSDT-SHORT-1775673900000-1,DOTUSDT-SHORT-1775673900000-1,1775673900000,DOTUSDT,SHORT,1.273,1.3111899999999999,1.23481,1.19662,EXPIRED,0.5499,36,1775707357553,max bars reached,phase3-short-exhaustion-v5-scoreparts-manualdiag,short_exhaustion_retest,BULLISH,71202.1,3.901,-0.10185928266372662,0.20600887357895212,6.230574660017053,1.3405484661990783,0.0,bullish,2.999999999999996,2.999999999999996,2.999999999999996,5.999999999999992,0.3912363067292735,0.0,0.0,35.0,25.15495189913734,35.0,1h_top_tests=3;1h_failed_breakout;1h_no_accept_above_resistance;1h_weakening_push;15m_clean_breakdown;15m_break_dist=0.31%,yes,1.9639,1.2569,yes,good_for_manual
VIRTUALUSDT-SHORT-1775673900000-1,VIRTUALUSDT-SHORT-1775673900000-1,1775673900000,VIRTUALUSDT,SHORT,0.6649,0.6848470000000001,0.644953,0.625006,EXPIRED,0.8021,36,1775707359134,max bars reached,phase3-short-exhaustion-v5-scoreparts-manualdiag,short_exhaustion_retest,BULLISH,71211.2,3.914,-0.08909179682019451,0.20600887357895212,6.229778461815,1.3403771592429852,0.0,bullish,3.000000000000007,3.000000000000007,3.000000000000007,6.000000000000014,0.3148425787106433,0.0,0.0,33.0,26.791107873769853,35.0,1h_top_tests=2;1h_failed_breakout;1h_no_accept_above_resistance;1h_weakening_push;15m_clean_breakdown;15m_break_dist=0.37%,yes,2.8425,1.3085,yes,good_for_manual
RENDERUSDT-SHORT-1775688300000-2,RENDERUSDT-SHORT-1775688300000-2,1775688300000,RENDERUSDT,SHORT,1.996,2.05588,1.9361199999999998,1.8762399999999997,EXPIRED,-0.4342,36,1775721687085,max bars reached,phase3-short-exhaustion-v5-scoreparts-manualdiag,short_exhaustion_retest,BEARISH,70938.0,-2.062,-0.48398636421026053,-0.12150770933328861,3.082832896332,1.234599227494436,0.0,bearish,3.000000000000008,3.000000000000008,3.000000000000008,6.000000000000016,0.4488778054862792,0.14962593516210043,0.0,31.0,24.185453860958024,35.0,1h_top_tests=2;1h_failed_breakout;1h_no_accept_above_resistance;1h_weakening_push;15m_clean_breakdown;15m_break_dist=0.25%,yes,1.1523,2.7054,yes,good_for_manual
APTUSDT-SHORT-1775693700000-1,APTUSDT-SHORT-1775693700000-1,1775693700000,APTUSDT,SHORT,0.8222,0.8468660000000001,0.797534,0.7728679999999999,EXPIRED,-0.0446,36,1775727047500,max bars reached,phase3-short-exhaustion-v5-scoreparts-manualdiag,short_exhaustion_retest,BEARISH,70690.3,-1.399,-0.48382487707302363,-0.4900187364245466,3.0936351946448015,0.5969355422777476,0.0,bearish,3.0000000000000093,3.0000000000000093,3.0000000000000093,6.000000000000019,0.5202661826981211,0.0,0.0,25.0,28.921894396323296,35.0,1h_top_tests=3;1h_failed_breakout;1h_no_accept_above_resistance;15m_clean_breakdown;15m_break_dist=0.38%,yes,1.4352,0.9487,yes,good_for_manual
XLMUSDT-SHORT-1775693700000-1,XLMUSDT-SHORT-1775693700000-1,1775693700000,XLMUSDT,SHORT,0.1563,0.160989,0.151611,0.146922,EXPIRED,0.2943,36,1775727049689,max bars reached,phase3-short-exhaustion-v5-scoreparts-manualdiag,short_exhaustion_retest,BEARISH,70690.0,-1.4,-0.4949456699996281,-0.48382487707302363,3.0936483236667054,0.5970022564421777,0.0,bearish,2.999999999999999,2.999999999999999,2.999999999999999,5.999999999999998,0.3951057863879744,0.0,0.0,25.0,26.101964016414353,35.0,1h_top_tests=2;1h_failed_breakout;1h_no_accept_above_resistance;15m_clean_breakdown;15m_break_dist=0.24%,yes,1.7978,0.3647,yes,good_for_manual
1000BONKUSDT-SHORT-1775694600000-2,1000BONKUSDT-SHORT-1775694600000-2,1775694600000,1000BONKUSDT,SHORT,0.005711,0.00588233,0.00553967,0.00536834,EXPIRED,-0.1401,36,1775728055608,max bars reached,phase3-short-exhaustion-v5-scoreparts-manualdiag,short_exhaustion_retest,BEARISH,70640.5,-1.415,-0.5712427556480296,-0.20726486669774524,3.417444667011142,0.9380977258279934,0.0,bearish,2.9999999999999987,2.9999999999999987,2.9999999999999987,5.999999999999997,0.660984519046788,0.12176030614019938,0.0,23.0,25.576447575569844,35.0,1h_top_tests=2;1h_failed_breakout;1h_no_accept_above_resistance;15m_clean_breakdown;15m_break_dist=0.33%,yes,0.5603,1.0856,yes,good_for_manual
BASEDUSDT-SHORT-1775736900000-1,BASEDUSDT-SHORT-1775736900000-1,1775736900000,BASEDUSDT,SHORT,0.0552,0.056856000000000004,0.053543999999999994,0.05188799999999999,LOSS_STOP,-1.0000,9,1775745948390,stop hit before tp,phase3-short-exhaustion-v5-scoreparts-manualdiag,short_exhaustion_retest,RANGE,71188.1,-0.999,0.10997062293718828,0.10997062293718828,3.4141942262822016,0.4506371149110637,0.0,neutral,3.0000000000000084,3.0000000000000084,3.0000000000000084,6.000000000000017,0.7194244604316504,0.0,0.0,25.0,27.921568627450956,35.0,1h_top_tests=2;1h_failed_breakout;1h_no_accept_above_resistance;15m_clean_breakdown;15m_break_dist=0.90%,yes,0.7246,3.0797,yes,good_for_manual
NEARUSDT-SHORT-1775725200000-2,NEARUSDT-SHORT-1775725200000-2,1775725200000,NEARUSDT,SHORT,1.331,1.37093,1.29107,1.25114,LOSS_STOP,-1.0000,26,1775749636437,stop hit before tp,phase3-short-exhaustion-v5-scoreparts-manualdiag,short_exhaustion_retest,RANGE,71292.6,-0.406,0.496863767707379,0.12625056875950624,3.4091897335768366,0.9090080297345711,0.0,neutral,3.0000000000000018,3.0000000000000018,3.0000000000000018,6.0000000000000036,0.2996254681647943,0.0,0.0,35.0,28.814814814814774,35.0,1h_top_tests=4;1h_failed_breakout;1h_no_accept_above_resistance;1h_weakening_push;15m_clean_breakdown;15m_break_dist=0.37%,yes,0.6762,4.2825,yes,good_for_manual
ZECUSDT-SHORT-1775730600000-1,ZECUSDT-SHORT-1775730600000-1,1775730600000,ZECUSDT,SHORT,314.62,324.0586,305.1814,295.7428,LOSS_STOP,-1.0000,20,1775749638130,stop hit before tp,phase3-short-exhaustion-v5-scoreparts-manualdiag,short_exhaustion_retest,RANGE,71284.0,-0.25,0.47783494256113895,0.06920784392999887,3.409601032489759,0.98353066606813,0.0,neutral,3.0000000000000027,3.0000000000000027,3.0000000000000027,6.000000000000005,0.3673443536639332,0.0,0.0,31.0,24.309065414180253,35.0,1h_top_tests=2;1h_failed_breakout;1h_no_accept_above_resistance;1h_weakening_push;15m_clean_breakdown;15m_break_dist=0.20%,yes,2.0278,4.7263,yes,good_for_manual
1000BONKUSDT-SHORT-1775744100000-2,1000BONKUSDT-SHORT-1775744100000-2,1775744100000,1000BONKUSDT,SHORT,0.005723,0.00589469,0.005551309999999999,0.005379619999999999,LOSS_STOP,-1.0000,6,1775750474326,stop hit before tp,phase3-short-exhaustion-v5-scoreparts-manualdiag,short_exhaustion_retest,RANGE,71039.2,0.254,-0.08732961233244776,-0.0502226255038048,2.120660142569173,1.196096149352975,0.0,neutral,3.0000000000000067,3.0000000000000067,3.0000000000000067,6.000000000000013,0.20924149956407775,0.052310374891026995,0.0,33.0,27.60787565875046,35.0,1h_top_tests=6;1h_failed_breakout;1h_no_accept_above_resistance;1h_weakening_push;15m_clean_breakdown;15m_break_dist=0.31%,yes,0.6815,3.0753,yes,good_for_manual
DASHUSDT-SHORT-1775733300000-1,DASHUSDT-SHORT-1775733300000-1,1775733300000,DASHUSDT,SHORT,31.88,32.8364,30.9236,29.967200000000002,LOSS_STOP,-1.0000,19,1775751310214,stop hit before tp,phase3-short-exhaustion-v5-scoreparts-manualdiag,short_exhaustion_retest,RANGE,71141.1,-0.499,0.27641130453168766,-0.1313966367514586,3.4164498440423325,0.9855062685283272,0.0,neutral,2.9999999999999956,2.9999999999999956,2.9999999999999956,5.999999999999991,0.3126954346466586,0.0,0.0,33.0,26.780228285343203,35.0,1h_top_tests=4;1h_failed_breakout;1h_no_accept_above_resistance;1h_weakening_push;15m_clean_breakdown;15m_break_dist=0.22%,yes,0.3450,3.8582,yes,good_for_manual
BCHUSDT-SHORT-1775741400000-1,BCHUSDT-SHORT-1775741400000-1,1775741400000,BCHUSDT,SHORT,435.15,448.2045,422.09549999999996,409.04099999999994,EXPIRED,-0.6258,36,1775774724190,max bars reached,phase3-short-exhaustion-v5-scoreparts-manualdiag,short_exhaustion_retest,BEARISH,70750.1,-1.136,-0.5380404135007801,-0.012859428080456594,2.129325612260619,1.0321332780977077,0.0,bearish,3.0000000000000044,3.0000000000000044,3.0000000000000044,6.000000000000009,0.9040808890508352,0.0,0.0,31.0,26.24261317247267,35.0,1h_top_tests=2;1h_failed_breakout;1h_no_accept_above_resistance;1h_weakening_push;15m_clean_breakdown;15m_break_dist=0.17%,yes,0.6297,2.6451,yes,good_for_manual
TAOUSDT-SHORT-1775775600000-1,TAOUSDT-SHORT-1775775600000-1,1775775600000,TAOUSDT,SHORT,328.79,338.6537,318.9263,309.06260000000003,WIN_TP1,1.0000,2,1775778400784,tp1 hit,phase3-short-exhaustion-v5-scoreparts-manualdiag,short_exhaustion_retest,BULLISH,71679.9,1.002,-0.5218170892321101,-0.3215076371969834,3.7667463263760137,2.2155443855251,0.0,bullish,2.9999999999999982,2.9999999999999982,2.9999999999999982,5.9999999999999964,1.020531037389363,0.22578120296224938,0.0,33.0,26.450526029187074,35.0,1h_top_tests=2;1h_failed_breakout;1h_no_accept_above_resistance;1h_weakening_push;15m_clean_breakdown;15m_break_dist=0.31%,yes,4.1455,1.2592,yes,good_for_manual
BNBUSDT-SHORT-1775775600000-1,BNBUSDT-SHORT-1775775600000-1,1775775600000,BNBUSDT,SHORT,604.17,622.2950999999999,586.0449,567.9198,EXPIRED,0.2753,36,1775808979964,max bars reached,phase3-short-exhaustion-v5-scoreparts-manualdiag,short_exhaustion_retest,BULLISH,71679.9,1.002,-0.5218170892321101,-0.32164669759370296,3.7667463263760137,2.2155443855251,0.0,bullish,2.999999999999996,2.999999999999996,2.999999999999996,5.999999999999992,0.3184293020953743,0.0,0.0,33.0,26.1100090277942,35.0,1h_top_tests=2;1h_failed_breakout;1h_no_accept_above_resistance;1h_weakening_push;15m_clean_breakdown;15m_break_dist=0.28%,yes,1.0576,0.2648,yes,good_for_manual
ASTERUSDT-SHORT-1775776500000-1,ASTERUSDT-SHORT-1775776500000-1,1775776500000,ASTERUSDT,SHORT,0.6627,0.682581,0.6428189999999999,0.6229379999999999,EXPIRED,-0.0654,36,1775809816767,max bars reached,phase3-short-exhaustion-v5-scoreparts-manualdiag,short_exhaustion_retest,RANGE,71740.2,0.991,-0.4381320613579139,-0.23779327837666456,3.7635802520762422,2.2136821475267783,0.0,neutral,3.0000000000000058,3.0000000000000058,3.0000000000000058,6.0000000000000115,0.21081162475531817,0.0,0.0,35.0,23.265765947796336,35.0,1h_top_tests=4;1h_failed_breakout;1h_no_accept_above_resistance;1h_weakening_push;15m_clean_breakdown;15m_break_dist=0.15%,yes,0.4678,0.3923,yes,good_for_manual
ENJUSDT-SHORT-1775858400000-1,ENJUSDT-SHORT-1775858400000-1,1775858400000,ENJUSDT,SHORT,0.0286,0.029458,0.027742,0.026883999999999998,WIN_TP1,1.0000,8,1775866616926,tp1 hit,phase3-short-exhaustion-v5-scoreparts-manualdiag,short_exhaustion_retest,RANGE,72972.9,0.525,-0.292947000367562,-0.250423067354506,2.833791722680604,0.7760415167822615,0.0,neutral,3.000000000000004,3.000000000000004,3.000000000000004,6.000000000000008,0.24415765608650372,0.03487966515521309,0.0,27.0,26.72758656074334,35.0,1h_top_tests=4;1h_failed_breakout;1h_no_accept_above_resistance;15m_clean_breakdown;15m_break_dist=0.31%,yes,4.8252,0.4545,yes,good_for_manual
TAOUSDT-SHORT-1775860200000-3,TAOUSDT-SHORT-1775860200000-3,1775860200000,TAOUSDT,SHORT,258.62,266.3786,250.8614,243.1028,LOSS_STOP,-1.0000,19,1775878362442,stop hit before tp,phase3-short-exhaustion-v5-scoreparts-manualdiag,short_exhaustion_retest,BULLISH,72797.8,1.57,-0.5321961597162349,-0.049976522018494306,2.840607820565998,1.0726972518400202,0.0,bullish,3.0000000000000004,3.0000000000000004,3.0000000000000004,6.000000000000001,0.5078094944987278,0.0884819573747858,0.0,33.0,27.88883888473281,35.0,1h_top_tests=2;1h_failed_breakout;1h_no_accept_above_resistance;1h_weakening_push;15m_clean_breakdown;15m_break_dist=0.45%,yes,2.1885,3.4027,yes,good_for_manual
CRVUSDT-SHORT-1775859300000-1,CRVUSDT-SHORT-1775859300000-1,1775859300000,CRVUSDT,SHORT,0.218,0.22454000000000002,0.21145999999999998,0.20491999999999996,EXPIRED,0.1529,36,1775892746429,max bars reached,phase3-short-exhaustion-v5-scoreparts-manualdiag,short_exhaustion_retest,RANGE,72801.4,0.725,-0.5095146289042071,-0.48485295846421367,2.840467353649785,1.0724527016633993,0.0,neutral,3.000000000000008,3.000000000000008,3.000000000000008,6.000000000000016,0.90909090909091,0.0,0.0,25.0,28.145402342440022,35.0,1h_top_tests=4;1h_failed_breakout;1h_no_accept_above_resistance;15m_clean_breakdown;15m_break_dist=0.45%,yes,1.3761,0.9174,yes,good_for_manual
SOLUSDT-SHORT-1775860200000-2,SOLUSDT-SHORT-1775860200000-2,1775860200000,SOLUSDT,SHORT,84.76,87.3028,82.2172,79.6744,EXPIRED,0.2281,36,1775893583824,max bars reached,phase3-short-exhaustion-v5-scoreparts-manualdiag,short_exhaustion_retest,BULLISH,72819.3,1.455,-0.5028194782428098,-0.020457422474598717,2.839769127140736,1.0723805364786452,0.0,bullish,2.9999999999999996,2.9999999999999996,2.9999999999999996,5.999999999999999,0.16489988221437052,0.0,0.0,33.0,26.044431192143996,35.0,1h_top_tests=4;1h_failed_breakout;1h_no_accept_above_resistance;1h_weakening_push;15m_clean_breakdown;15m_break_dist=0.22%,yes,1.1090,0.1888,yes,good_for_manual
AVAXUSDT-SHORT-1775869200000-2,AVAXUSDT-SHORT-1775869200000-2,1775869200000,AVAXUSDT,SHORT,9.32,9.5996,9.0404,8.7608,EXPIRED,0.2074,36,1775902608073,max bars reached,phase3-short-exhaustion-v5-scoreparts-manualdiag,short_exhaustion_retest,RANGE,72878.3,0.87,-0.05362231785553417,0.11786928598413698,2.8374701385734764,0.4149383286931695,0.0,neutral,3.000000000000003,3.000000000000003,3.000000000000003,6.000000000000006,0.3421727972626179,0.0,0.0,35.0,26.48784146629454,35.0,1h_top_tests=3;1h_failed_breakout;1h_no_accept_above_resistance;1h_weakening_push;15m_clean_breakdown;15m_break_dist=0.26%,yes,1.0193,0.6009,yes,good_for_manual
BCHUSDT-SHORT-1775883600000-2,BCHUSDT-SHORT-1775883600000-2,1775883600000,BCHUSDT,SHORT,441.07,454.3021,427.8379,414.6058,EXPIRED,0.1179,36,1775917025659,max bars reached,phase3-short-exhaustion-v5-scoreparts-manualdiag,short_exhaustion_retest,RANGE,72730.0,0.806,-0.15418390309068417,-0.06142539905896439,2.8432558779045705,0.39946206691711544,0.0,neutral,3.0000000000000004,3.0000000000000004,3.0000000000000004,6.000000000000001,0.1426307448494443,0.011319900384879188,0.0,33.0,25.76197366564638,35.0,1h_top_tests=7;1h_failed_breakout;1h_no_accept_above_resistance;1h_weakening_push;15m_clean_breakdown;15m_break_dist=0.16%,yes,0.7391,0.1995,yes,good_for_manual
PUMPUSDT-SHORT-1775883600000-2,PUMPUSDT-SHORT-1775883600000-2,1775883600000,PUMPUSDT,SHORT,0.001826,0.00188078,0.0017712199999999998,0.0017164399999999996,EXPIRED,0.0000,36,1775917027327,max bars reached,phase3-short-exhaustion-v5-scoreparts-manualdiag,short_exhaustion_retest,RANGE,72730.0,0.794,-0.14429855934845398,-0.06142539905896439,2.8432558779045705,0.3994225216554379,0.0,neutral,3.000000000000008,3.000000000000008,3.000000000000008,6.000000000000016,0.27307482250136605,0.0,0.0,23.0,28.758115081211933,35.0,1h_top_tests=2;1h_failed_breakout;1h_no_accept_above_resistance;15m_clean_breakdown;15m_break_dist=0.66%,yes,1.0953,0.5476,yes,good_for_manual
WLDUSDT-SHORT-1775909700000-2,WLDUSDT-SHORT-1775909700000-2,1775909700000,WLDUSDT,SHORT,0.279,0.28737,0.27063000000000004,0.26226000000000005,LOSS_STOP,-1.0000,11,1775920546112,stop hit before tp,phase3-short-exhaustion-v5-scoreparts-manualdiag,short_exhaustion_retest,RANGE,72873.2,0.897,-0.09373087300084662,-0.11002035788169881,2.1702079776927596,0.25370913971035275,0.0,neutral,2.9999999999999956,2.9999999999999956,2.9999999999999956,5.999999999999991,0.4637887977167206,0.14270424545130628,0.0,33.0,26.87618337720294,35.0,1h_top_tests=3;1h_failed_breakout;1h_no_accept_above_resistance;1h_weakening_push;15m_clean_breakdown;15m_break_dist=0.36%,yes,1.6487,3.5125,yes,good_for_manual
FILUSDT-SHORT-1775912400000-1,FILUSDT-SHORT-1775912400000-1,1775912400000,FILUSDT,SHORT,0.887,0.91361,0.86039,0.83378,LOSS_STOP,-1.0000,22,1775933103899,stop hit before tp,phase3-short-exhaustion-v5-scoreparts-manualdiag,short_exhaustion_retest,RANGE,72617.2,0.439,-0.3444575274262298,-0.3819160552900432,2.1778586891259923,0.6790402273841539,0.0,neutral,3.0000000000000027,3.0000000000000027,3.0000000000000027,6.000000000000005,0.5605381165919288,0.0,0.0,35.0,28.0,35.0,1h_top_tests=3;1h_failed_breakout;1h_no_accept_above_resistance;1h_weakening_push;15m_clean_breakdown;15m_break_dist=0.45%,yes,0.1127,3.8331,yes,good_for_manual
DOTUSDT-SHORT-1775912400000-1,DOTUSDT-SHORT-1775912400000-1,1775912400000,DOTUSDT,SHORT,1.267,1.30501,1.2289899999999998,1.1909799999999997,LOSS_STOP,-1.0000,24,1775934947829,stop hit before tp,phase3-short-exhaustion-v5-scoreparts-manualdiag,short_exhaustion_retest,RANGE,72617.1,0.439,-0.3444575274262298,-0.3819160552900432,2.1778616882249495,0.6790402273841539,0.0,neutral,3.000000000000008,3.000000000000008,3.000000000000008,6.000000000000016,0.5494505494505586,0.0,0.0,33.0,28.102564102564067,35.0,1h_top_tests=2;1h_failed_breakout;1h_no_accept_above_resistance;1h_weakening_push;15m_clean_breakdown;15m_break_dist=0.39%,yes,0.3157,3.1571,yes,good_for_manual
LABUSDT-SHORT-1775940300000-3,LABUSDT-SHORT-1775940300000-3,1775940300000,LABUSDT,SHORT,0.44513,0.45848390000000006,0.4317761,0.41842219999999997,LOSS_STOP,-1.0000,5,1775945839865,stop hit before tp,phase3-short-exhaustion-v5-scoreparts-manualdiag,short_exhaustion_retest,RANGE,73470.7,0.637,-0.2247545015406887,0.29650703248610183,1.7986762069777475,0.6721074065201809,0.0,neutral,3.0000000000000067,3.0000000000000067,3.0000000000000067,6.000000000000013,1.2446199582907993,0.13311443404180792,0.0,33.0,29.376996159288446,35.0,1h_top_tests=3;1h_failed_breakout;1h_no_accept_above_resistance;1h_weakening_push;15m_clean_breakdown;15m_break_dist=2.37%,yes,2.5880,4.4032,yes,good_for_manual
XMRUSDT-SHORT-1775913300000-1,XMRUSDT-SHORT-1775913300000-1,1775913300000,XMRUSDT,SHORT,337.18,347.29540000000003,327.0646,316.94919999999996,EXPIRED,0.0000,36,1775946676233,max bars reached,phase3-short-exhaustion-v5-scoreparts-manualdiag,short_exhaustion_retest,RANGE,72608.0,0.716,-0.34679050669564654,-0.38424815763915215,1.9698931247245521,0.6790561243811664,0.0,neutral,3.0000000000000067,3.0000000000000067,3.0000000000000067,6.000000000000013,0.1835405565423341,0.03552397868561413,0.0,31.0,25.822156553510688,35.0,1h_top_tests=2;1h_failed_breakout;1h_no_accept_above_resistance;1h_weakening_push;15m_clean_breakdown;15m_break_dist=0.21%,yes,0.2076,0.7325,yes,good_for_manual
UNIUSDT-SHORT-1775946600000-2,UNIUSDT-SHORT-1775946600000-2,1775946600000,UNIUSDT,SHORT,3.146,3.24038,3.0516199999999998,2.9572399999999996,WIN_TP1,1.0000,12,1775958392518,tp1 hit,phase3-short-exhaustion-v5-scoreparts-manualdiag,short_exhaustion_retest,RANGE,72995.1,0.216,-0.8702277014336599,-0.4611820278100086,1.810395492300168,1.078976534041334,0.0,neutral,3.0000000000000044,3.0000000000000044,3.0000000000000044,6.000000000000009,0.8821676118462516,0.0,0.0,31.0,24.91885474490205,35.0,1h_top_tests=2;1h_failed_breakout;1h_no_accept_above_resistance;1h_weakening_push;15m_clean_breakdown;15m_break_dist=0.16%,yes,3.0197,0.7629,yes,good_for_manual
SOLUSDT-SHORT-1775948400000-2,SOLUSDT-SHORT-1775948400000-2,1775948400000,SOLUSDT,SHORT,84.83,87.3749,82.2851,79.7402,WIN_TP1,1.0000,11,1775959257769,tp1 hit,phase3-short-exhaustion-v5-scoreparts-manualdiag,short_exhaustion_retest,RANGE,73059.1,0.236,-0.7834493772738491,-0.3739092608678419,1.8088095801891892,1.0780328227870706,0.0,neutral,2.9999999999999982,2.9999999999999982,2.9999999999999982,5.9999999999999964,0.2117397953182059,0.04705328784847905,0.0,33.0,26.69088273929914,35.0,1h_top_tests=3;1h_failed_breakout;1h_no_accept_above_resistance;1h_weakening_push;15m_clean_breakdown;15m_break_dist=0.29%,yes,3.3597,0.2593,yes,good_for_manual
XLMUSDT-SHORT-1775946600000-1,XLMUSDT-SHORT-1775946600000-1,1775946600000,XLMUSDT,SHORT,0.15433,0.1589599,0.1497001,0.1450702,EXPIRED,0.5529,36,1775979928207,max bars reached,phase3-short-exhaustion-v5-scoreparts-manualdiag,short_exhaustion_retest,RANGE,73279.5,0.676,-0.484003047426587,-0.07336366971076293,1.8033692915481137,0.6738583096227497,0.0,neutral,2.999999999999995,2.999999999999995,2.999999999999995,5.99999999999999,0.2004655975168163,0.0,0.0,33.0,26.183009609807236,35.0,1h_top_tests=3;1h_failed_breakout;1h_no_accept_above_resistance;1h_weakening_push;15m_clean_breakdown;15m_break_dist=0.19%,yes,2.3715,0.0778,yes,good_for_manual
BNBUSDT-SHORT-1775948400000-2,BNBUSDT-SHORT-1775948400000-2,1775948400000,BNBUSDT,SHORT,607.71,625.9413000000001,589.4787,571.2474,EXPIRED,0.7531,36,1775981775069,max bars reached,phase3-short-exhaustion-v5-scoreparts-manualdiag,short_exhaustion_retest,RANGE,73059.1,0.236,-0.769869044854472,-0.3739092608678419,1.8088095801891892,1.077885286510019,0.0,neutral,3.000000000000005,3.000000000000005,3.000000000000005,6.00000000000001,0.3100393700787379,0.0,0.0,35.0,27.33009350393731,35.0,1h_top_tests=3;1h_failed_breakout;1h_no_accept_above_resistance;1h_weakening_push;15m_clean_breakdown;15m_break_dist=0.25%,yes,2.8764,0.1481,yes,good_for_manual
XAUTUSDT-SHORT-1775957400000-1,XAUTUSDT-SHORT-1775957400000-1,1775957400000,XAUTUSDT,SHORT,4705.42,4846.582600000001,4564.2573999999995,4423.094799999999,EXPIRED,0.0443,36,1775990865490,max bars reached,phase3-short-exhaustion-v5-scoreparts-manualdiag,short_exhaustion_retest,BEARISH,71607.3,-1.8,-1.9026644424174153,0.03561517178384524,3.511373840376601,2.5625417107625554,0.0,bearish,3.000000000000012,3.000000000000012,3.000000000000012,6.000000000000024,0.3099543437039885,0.0,0.0,35.0,27.49148843762239,35.0,1h_top_tests=12;1h_failed_breakout;1h_no_accept_above_resistance;1h_weakening_push;15m_clean_breakdown;15m_break_dist=0.17%,yes,0.2036,0.1358,yes,good_for_manual
BCHUSDT-SHORT-1775968200000-1,BCHUSDT-SHORT-1775968200000-1,1775968200000,BCHUSDT,SHORT,423.44,436.14320000000004,410.73679999999996,398.0335999999999,EXPIRED,0.0008,36,1776001625014,max bars reached,phase3-short-exhaustion-v5-scoreparts-manualdiag,short_exhaustion_retest,BEARISH,71472.0,-1.809,-0.12813776836270344,0.06047989113619188,3.5180210432057226,0.40099675536820184,0.0,bearish,3.000000000000009,3.000000000000009,3.000000000000009,6.000000000000018,0.24030532912405925,0.0,0.0,27.0,30.0,35.0,1h_top_tests=6;1h_failed_breakout;1h_no_accept_above_resistance;15m_clean_breakdown;15m_break_dist=0.30%,yes,0.5219,0.6542,yes,good_for_manual
ARBUSDT-SHORT-1775983500000-2,ARBUSDT-SHORT-1775983500000-2,1775983500000,ARBUSDT,SHORT,0.11,0.1133,0.1067,0.1034,EXPIRED,-0.7576,36,1776016934164,max bars reached,phase3-short-exhaustion-v5-scoreparts-manualdiag,short_exhaustion_retest,BEARISH,71567.6,-1.707,-0.08446405810010317,-0.03450091699805299,3.513321670700141,0.3364651043209537,0.0,bearish,2.9999999999999973,2.9999999999999973,2.9999999999999973,5.999999999999995,0.2719854941069762,0.0,0.0,31.0,29.333333333333357,35.0,1h_top_tests=2;1h_failed_breakout;1h_no_accept_above_resistance;1h_weakening_push;15m_clean_breakdown;15m_break_dist=0.91%,yes,0.9091,2.5455,yes,good_for_manual
DOTUSDT-SHORT-1775985300000-1,DOTUSDT-SHORT-1775985300000-1,1775985300000,DOTUSDT,SHORT,1.215,1.2514500000000002,1.17855,1.1421,EXPIRED,-0.4938,36,1776018613039,max bars reached,phase3-short-exhaustion-v5-scoreparts-manualdiag,short_exhaustion_retest,BEARISH,71532.9,-1.73,-0.13276912273256697,-0.08296981658643279,3.5150259530929047,0.33662785008318247,0.0,bearish,3.0000000000000075,3.0000000000000075,3.0000000000000075,6.000000000000015,0.24630541871920295,0.0,0.0,25.0,28.16666666666676,35.0,1h_top_tests=2;1h_failed_breakout;1h_no_accept_above_resistance;15m_clean_breakdown;15m_break_dist=0.33%,yes,0.2469,2.5514,yes,good_for_manual
WLFIUSDT-SHORT-1776000600000-2,WLFIUSDT-SHORT-1776000600000-2,1776000600000,WLFIUSDT,SHORT,0.0787,0.08106100000000001,0.076339,0.073978,EXPIRED,-0.0847,36,1776034015014,max bars reached,phase3-short-exhaustion-v5-scoreparts-manualdiag,short_exhaustion_retest,BEARISH,70980.7,-2.311,-0.6232239098481096,0.17202571212858064,4.162680841411817,0.9287249717565098,0.0,bearish,3.000000000000002,3.000000000000002,3.000000000000002,6.000000000000004,0.5056890012642195,0.0,0.0,35.0,29.555555555555593,35.0,1h_top_tests=3;1h_failed_breakout;1h_no_accept_above_resistance;1h_weakening_push;15m_clean_breakdown;15m_break_dist=0.38%,yes,0.6353,2.5413,yes,good_for_manual
HBARUSDT-SHORT-1776001500000-1,HBARUSDT-SHORT-1776001500000-1,1776001500000,HBARUSDT,SHORT,0.08527,0.0878281,0.08271189999999999,0.08015379999999998,EXPIRED,-0.0821,36,1776034854976,max bars reached,phase3-short-exhaustion-v5-scoreparts-manualdiag,short_exhaustion_retest,BEARISH,70992.5,-2.295,-0.6225239728424401,0.18486766438757296,4.161988942493922,0.9287184305461491,0.0,bearish,3.000000000000009,3.000000000000009,3.000000000000009,6.000000000000018,0.23400023400024067,0.0,0.0,35.0,24.44079655854303,35.0,1h_top_tests=3;1h_failed_breakout;1h_no_accept_above_resistance;1h_weakening_push;15m_clean_breakdown;15m_break_dist=0.18%,yes,0.3518,1.5480,yes,good_for_manual
1000BONKUSDT-SHORT-1776004200000-2,1000BONKUSDT-SHORT-1776004200000-2,1776004200000,1000BONKUSDT,SHORT,0.005635,0.005804050000000001,0.00546595,0.005296899999999999,EXPIRED,0.0414,36,1776037536233,max bars reached,phase3-short-exhaustion-v5-scoreparts-manualdiag,short_exhaustion_retest,BEARISH,70780.0,-2.617,-0.9170574648281736,0.08739392173860579,4.404916643119509,1.1619117856905623,0.0,bearish,3.000000000000008,3.000000000000008,3.000000000000008,6.000000000000016,0.3360452776795175,0.0,0.0,27.0,27.58006877343015,35.0,1h_top_tests=6;1h_failed_breakout;1h_no_accept_above_resistance;15m_clean_breakdown;15m_break_dist=0.46%,yes,0.4614,2.0408,yes,good_for_manual
WLDUSDT-SHORT-1776029400000-2,WLDUSDT-SHORT-1776029400000-2,1776029400000,WLDUSDT,SHORT,0.288,0.29663999999999996,0.27936,0.27072,LOSS_STOP,-1.0000,15,1776043906897,stop hit before tp,phase3-short-exhaustion-v5-scoreparts-manualdiag,short_exhaustion_retest,BEARISH,70869.5,-3.525,-0.31876625496796857,-0.6778192584783483,4.1802185707532855,1.0766821923881016,0.0,bearish,2.999999999999994,2.999999999999994,2.999999999999994,5.999999999999988,0.7580978635423966,0.034458993797377324,0.0,35.0,28.15246112760297,35.0,1h_top_tests=5;1h_failed_breakout;1h_no_accept_above_resistance;1h_weakening_push;15m_clean_breakdown;15m_break_dist=0.31%,yes,0.9375,3.2986,yes,good_for_manual
STOUSDT-SHORT-1776047400000-1,STOUSDT-SHORT-1776047400000-1,1776047400000,STOUSDT,SHORT,0.11475,0.1181925,0.1113075,0.107865,LOSS_STOP,-1.0000,4,1776051952795,stop hit before tp,phase3-short-exhaustion-v5-scoreparts-manualdiag,short_exhaustion_retest,BEARISH,71008.0,-1.047,0.40856386055370963,-0.06615339141694934,1.9344299233889224,0.9450704225352112,0.0,bearish,3.000000000000001,3.000000000000001,3.000000000000001,6.000000000000002,0.36467830164104353,0.0,0.0,23.0,29.398550724637666,35.0,1h_top_tests=2;1h_failed_breakout;1h_no_accept_above_resistance;15m_clean_breakdown;15m_break_dist=0.46%,yes,0.5577,4.5752,yes,good_for_manual
ZECUSDT-SHORT-1776027600000-1,ZECUSDT-SHORT-1776027600000-1,1776027600000,ZECUSDT,SHORT,362.89,373.7767,352.00329999999997,341.11659999999995,LOSS_STOP,-1.0000,36,1776061002332,stop hit before tp,phase3-short-exhaustion-v5-scoreparts-manualdiag,short_exhaustion_retest,BEARISH,71255.7,-2.762,0.28203424942862554,-0.06633671281250603,4.157562131871555,0.7066111295112244,0.0,bearish,3.0000000000000053,3.0000000000000053,3.0000000000000053,6.000000000000011,0.13209676087734767,0.05228830118061417,0.0,25.0,26.670435630041734,35.0,1h_top_tests=2;1h_failed_breakout;1h_no_accept_above_resistance;15m_clean_breakdown;15m_break_dist=0.36%,yes,1.4798,4.5248,yes,good_for_manual
EDGEUSDT-SHORT-1776078900000-2,EDGEUSDT-SHORT-1776078900000-2,1776078900000,EDGEUSDT,SHORT,0.8564,0.8820920000000001,0.830708,0.805016,WIN_TP1,1.0000,5,1776084437142,tp1 hit,phase3-short-exhaustion-v5-scoreparts-manualdiag,short_exhaustion_retest,RANGE,70814.9,-0.792,-0.08633836456515104,-0.09720119801533801,1.4400924099306827,0.11705286581843699,0.0,neutral,3.0000000000000053,3.0000000000000053,3.0000000000000053,6.000000000000011,1.0399815114397848,0.0,0.0,25.0,29.05050505050507,35.0,1h_top_tests=3;1h_failed_breakout;1h_no_accept_above_resistance;15m_clean_breakdown;15m_break_dist=1.87%,yes,3.0710,1.0159,yes,good_for_manual
FETUSDT-SHORT-1776055500000-1,FETUSDT-SHORT-1776055500000-1,1776055500000,FETUSDT,SHORT,0.2293,0.236179,0.222421,0.215542,EXPIRED,-0.4361,36,1776088831524,max bars reached,phase3-short-exhaustion-v5-scoreparts-manualdiag,short_exhaustion_retest,RANGE,70801.4,-0.963,-0.20212897914999936,-0.07451911881142416,1.824540192708058,0.5186338123257409,0.0,neutral,2.9999999999999982,2.9999999999999982,2.9999999999999982,5.9999999999999964,0.13066202090592102,0.043554006968636316,0.0,33.0,25.6887340301975,35.0,1h_top_tests=4;1h_failed_breakout;1h_no_accept_above_resistance;1h_weakening_push;15m_clean_breakdown;15m_break_dist=0.22%,yes,1.5264,1.4828,yes,good_for_manual
AVAXUSDT-SHORT-1776056400000-1,AVAXUSDT-SHORT-1776056400000-1,1776056400000,AVAXUSDT,SHORT,9.031,9.30193,8.76007,8.48914,EXPIRED,-0.5647,36,1776089850124,max bars reached,phase3-short-exhaustion-v5-scoreparts-manualdiag,short_exhaustion_retest,BEARISH,70777.3,-1.213,-0.24159628330759791,-0.11389569863790494,1.825161457133859,0.5356532256469115,0.0,bearish,2.9999999999999987,2.9999999999999987,2.9999999999999987,5.999999999999997,0.05533421868082122,0.0664010624170012,0.0,35.0,26.336164163529183,35.0,1h_top_tests=6;1h_failed_breakout;1h_no_accept_above_resistance;1h_weakening_push;15m_clean_breakdown;15m_break_dist=0.21%,yes,0.7751,2.7461,yes,good_for_manual
ASTERUSDT-SHORT-1776067200000-1,ASTERUSDT-SHORT-1776067200000-1,1776067200000,ASTERUSDT,SHORT,0.6573,0.677019,0.637581,0.6178619999999999,EXPIRED,-0.1065,36,1776100621450,max bars reached,phase3-short-exhaustion-v5-scoreparts-manualdiag,short_exhaustion_retest,BEARISH,70700.0,-1.334,-0.11288499576150633,-0.11288499576150633,1.8271570014144312,0.316265464971062,0.0,bearish,3.0000000000000067,3.0000000000000067,3.0000000000000067,6.000000000000013,0.18223234624145465,0.0,0.0,35.0,27.173254723301437,35.0,1h_top_tests=5;1h_failed_breakout;1h_no_accept_above_resistance;1h_weakening_push;15m_clean_breakdown;15m_break_dist=0.24%,yes,0.4412,0.9280,yes,good_for_manual
PENGUUSDT-SHORT-1776185100000-2,PENGUUSDT-SHORT-1776185100000-2,1776185100000,PENGUUSDT,SHORT,0.006911,0.00711833,0.006703669999999999,0.006496339999999999,WIN_TP1,1.0000,10,1776195072387,tp1 hit,phase3-short-exhaustion-v5-scoreparts-manualdiag,short_exhaustion_retest,BULLISH,74560.9,2.989,-0.9031714630766592,-0.011796705233853474,5.376812779888655,1.6556215921263713,0.0,bullish,3.0000000000000053,3.0000000000000053,3.0000000000000053,6.000000000000011,0.4322143783316599,0.17288575133265893,0.0,25.0,28.539888609031536,35.0,1h_top_tests=3;1h_failed_breakout;1h_no_accept_above_resistance;15m_clean_breakdown;15m_break_dist=0.32%,yes,3.0097,0.6077,yes,good_for_manual
1000SHIBUSDT-SHORT-1776187800000-2,1000SHIBUSDT-SHORT-1776187800000-2,1776187800000,1000SHIBUSDT,SHORT,0.005893,0.00606979,0.005716209999999999,0.005539419999999999,EXPIRED,0.2998,36,1776221130001,max bars reached,phase3-short-exhaustion-v5-scoreparts-manualdiag,short_exhaustion_retest,BULLISH,74612.2,3.42,-0.8618524979373886,-0.10763066617223609,5.373115924741531,1.9896970492928077,0.0,bullish,3.000000000000008,3.000000000000008,3.000000000000008,6.000000000000016,0.22011513714866224,0.1015916017609199,0.0,23.0,28.246653351486138,35.0,1h_top_tests=2;1h_failed_breakout;1h_no_accept_above_resistance;15m_clean_breakdown;15m_break_dist=0.29%,yes,1.7648,0.3224,yes,good_for_manual
BCHUSDT-SHORT-1776191400000-1,BCHUSDT-SHORT-1776191400000-1,1776191400000,BCHUSDT,SHORT,435.47,448.5341,422.40590000000003,409.34180000000003,EXPIRED,0.1010,36,1776224846761,max bars reached,phase3-short-exhaustion-v5-scoreparts-manualdiag,short_exhaustion_retest,BULLISH,74050.0,2.299,-1.6356198708350627,-0.8700145515589637,5.078325455773126,2.559801180490832,0.0,bullish,2.9999999999999987,2.9999999999999987,2.9999999999999987,5.999999999999997,0.4730996023220718,0.0,0.0,33.0,24.334742091966252,35.0,1h_top_tests=3;1h_failed_breakout;1h_no_accept_above_resistance;1h_weakening_push;15m_clean_breakdown;15m_break_dist=0.19%,yes,0.5396,0.6705,yes,good_for_manual
ALGOUSDT-SHORT-1776192300000-1,ALGOUSDT-SHORT-1776192300000-1,1776192300000,ALGOUSDT,SHORT,0.1069,0.110107,0.103693,0.10048599999999999,EXPIRED,-0.4365,36,1776225689547,max bars reached,phase3-short-exhaustion-v5-scoreparts-manualdiag,short_exhaustion_retest,BULLISH,74295.9,2.449,-1.2915165920223914,0.3322079675894666,4.84495106728636,2.5508775707978857,0.0,bullish,3.0000000000000018,3.0000000000000018,3.0000000000000018,6.0000000000000036,0.09345794392523632,0.18691588785047264,0.0,33.0,28.52140424222438,35.0,1h_top_tests=3;1h_failed_breakout;1h_no_accept_above_resistance;1h_weakening_push;15m_clean_breakdown;15m_break_dist=0.37%,yes,0.6548,2.4322,yes,good_for_manual
DASHUSDT-SHORT-1776192300000-1,DASHUSDT-SHORT-1776192300000-1,1776192300000,DASHUSDT,SHORT,38.1,39.243,36.957,35.814,EXPIRED,-0.0087,36,1776225691203,max bars reached,phase3-short-exhaustion-v5-scoreparts-manualdiag,short_exhaustion_retest,BULLISH,74295.9,2.449,-1.2915165920223914,0.27440918298446604,4.84495106728636,2.5508775707978857,0.0,bullish,3.0000000000000018,3.0000000000000018,3.0000000000000018,6.0000000000000036,0.36610878661088014,0.0,0.0,33.0,28.227642276422767,35.0,1h_top_tests=2;1h_failed_breakout;1h_no_accept_above_resistance;1h_weakening_push;15m_clean_breakdown;15m_break_dist=0.47%,yes,1.2336,1.7585,yes,good_for_manual
XMRUSDT-SHORT-1776214800000-2,XMRUSDT-SHORT-1776214800000-2,1776214800000,XMRUSDT,SHORT,341.75,352.0025,331.4975,321.245,EXPIRED,-0.1317,36,1776248243109,max bars reached,phase3-short-exhaustion-v5-scoreparts-manualdiag,short_exhaustion_retest,RANGE,74559.1,0.313,0.6101995900516843,0.05206634970605715,3.00727878957766,0.877424754322406,0.0,neutral,2.999999999999999,2.999999999999999,2.999999999999999,5.999999999999998,0.688713239567594,0.0,0.0,23.0,29.553398058252416,35.0,1h_top_tests=2;1h_failed_breakout;1h_no_accept_above_resistance;15m_clean_breakdown;15m_break_dist=0.54%,yes,1.0446,0.7110,yes,good_for_manual
LDOUSDT-SHORT-1776231000000-1,LDOUSDT-SHORT-1776231000000-1,1776231000000,LDOUSDT,SHORT,0.3487,0.359161,0.338239,0.327778,LOSS_STOP,-1.0000,25,1776254486153,stop hit before tp,phase3-short-exhaustion-v5-scoreparts-manualdiag,short_exhaustion_retest,RANGE,73980.7,-0.275,-0.4395882460617494,-0.0174363909644273,3.0307904629180276,0.7805846138039294,0.0,neutral,2.999999999999999,2.999999999999999,2.999999999999999,5.999999999999998,0.22889842632330973,0.08583690987125107,0.0,33.0,25.255096356584456,35.0,1h_top_tests=4;1h_failed_breakout;1h_no_accept_above_resistance;1h_weakening_push;15m_clean_breakdown;15m_break_dist=0.17%,yes,0.2868,3.6708,yes,good_for_manual
WLFIUSDT-SHORT-1776239100000-2,WLFIUSDT-SHORT-1776239100000-2,1776239100000,WLFIUSDT,SHORT,0.0799,0.082297,0.077503,0.075106,LOSS_STOP,-1.0000,18,1776256341884,stop hit before tp,phase3-short-exhaustion-v5-scoreparts-manualdiag,short_exhaustion_retest,RANGE,73940.0,-0.886,0.31612466437193626,0.31612466437193626,3.4622667027319447,0.4371224037404221,0.0,neutral,2.9999999999999956,2.9999999999999956,2.9999999999999956,5.999999999999991,0.2496878901373355,0.0,0.0,27.0,28.761904761904724,35.0,1h_top_tests=10;1h_failed_breakout;1h_no_accept_above_resistance;15m_clean_breakdown;15m_break_dist=0.37%,yes,2.2528,5.7572,yes,good_for_manual
AAVEUSDT-SHORT-1776238200000-1,AAVEUSDT-SHORT-1776238200000-1,1776238200000,AAVEUSDT,SHORT,99.23,102.2069,96.2531,93.2762,LOSS_STOP,-1.0000,20,1776257180359,stop hit before tp,phase3-short-exhaustion-v5-scoreparts-manualdiag,short_exhaustion_retest,BEARISH,73681.3,-1.082,-0.03486868615606198,-0.03486868615606198,3.4744229539923968,0.09826355806371141,0.0,bearish,3.0000000000000004,3.0000000000000004,3.0000000000000004,6.000000000000001,0.42147516307074934,0.0,0.0,27.0,26.172274553272615,35.0,1h_top_tests=4;1h_failed_breakout;1h_no_accept_above_resistance;15m_clean_breakdown;15m_break_dist=0.21%,yes,0.3225,3.4264,yes,good_for_manual
EDGEUSDT-SHORT-1776236400000-1,EDGEUSDT-SHORT-1776236400000-1,1776236400000,EDGEUSDT,SHORT,1.0016,1.0316480000000001,0.971552,0.9415039999999999,LOSS_STOP,-1.0000,24,1776259037084,stop hit before tp,phase3-short-exhaustion-v5-scoreparts-manualdiag,short_exhaustion_retest,BEARISH,73664.3,-1.303,-0.8355676152943369,-0.24265041414415173,3.338116292423874,1.1536999837124708,0.0,bearish,3.000000000000007,3.000000000000007,3.000000000000007,6.000000000000014,0.38786673296867374,0.05967180507209685,0.0,33.0,29.008291873963483,35.0,1h_top_tests=3;1h_failed_breakout;1h_no_accept_above_resistance;1h_weakening_push;15m_clean_breakdown;15m_break_dist=0.66%,yes,2.4860,4.4329,yes,good_for_manual
TAOUSDT-SHORT-1776229200000-1,TAOUSDT-SHORT-1776229200000-1,1776229200000,TAOUSDT,SHORT,243.89,251.20669999999998,236.5733,229.2566,EXPIRED,-0.4401,36,1776262599382,max bars reached,phase3-short-exhaustion-v5-scoreparts-manualdiag,short_exhaustion_retest,RANGE,73985.9,-0.429,-0.4185913794402989,-0.41054881627334744,3.0305774478650624,0.596060325089409,0.0,neutral,2.999999999999999,2.999999999999999,2.999999999999999,5.999999999999998,0.35137895812053677,0.0,0.0,35.0,26.5226260815042,35.0,1h_top_tests=3;1h_failed_breakout;1h_no_accept_above_resistance;1h_weakening_push;15m_clean_breakdown;15m_break_dist=0.22%,yes,0.5740,2.7061,yes,good_for_manual
SUIUSDT-SHORT-1776231000000-2,SUIUSDT-SHORT-1776231000000-2,1776231000000,SUIUSDT,SHORT,0.9307,0.958621,0.902779,0.874858,EXPIRED,-0.6017,36,1776264459267,max bars reached,phase3-short-exhaustion-v5-scoreparts-manualdiag,short_exhaustion_retest,RANGE,73930.0,-0.483,-0.49356096090275364,-0.07190821700061242,3.03286893006898,0.7810080062112646,0.0,neutral,2.9999999999999973,2.9999999999999973,2.9999999999999973,5.999999999999995,0.5768614464266715,0.0,0.0,33.0,26.762228810833488,35.0,1h_top_tests=6;1h_failed_breakout;1h_no_accept_above_resistance;1h_weakening_push;15m_clean_breakdown;15m_break_dist=0.28%,yes,0.5695,2.3853,yes,good_for_manual
TONUSDT-SHORT-1776231000000-3,TONUSDT-SHORT-1776231000000-3,1776231000000,TONUSDT,SHORT,1.3727,1.4138810000000002,1.331519,1.2903379999999998,EXPIRED,0.2088,36,1776264460927,max bars reached,phase3-short-exhaustion-v5-scoreparts-manualdiag,short_exhaustion_retest,RANGE,73888.1,-0.602,-0.5502255817208855,-0.128677862001099,3.034588790346479,0.7814530099610142,0.0,neutral,3.0000000000000098,3.0000000000000098,3.0000000000000098,6.0000000000000195,0.38461538461537453,0.0,0.0,31.0,28.479999999999997,35.0,1h_top_tests=2;1h_failed_breakout;1h_no_accept_above_resistance;1h_weakening_push;15m_clean_breakdown;15m_break_dist=0.57%,yes,1.3914,0.2623,yes,good_for_manual
1000BONKUSDT-SHORT-1776235500000-1,1000BONKUSDT-SHORT-1776235500000-1,1776235500000,1000BONKUSDT,SHORT,0.005867,0.00604301,0.00569099,0.00551498,LOSS_STOP,-1.0000,32,1776265304757,stop hit before tp,phase3-short-exhaustion-v5-scoreparts-manualdiag,short_exhaustion_retest,BEARISH,73843.0,-1.128,-0.6300405939421426,-0.023696329506263276,3.036442181384826,0.8289459248232733,0.0,bearish,2.9999999999999982,2.9999999999999982,2.9999999999999982,5.9999999999999964,0.13617021276596075,0.05106382978724082,0.0,25.0,23.49086904853356,35.0,1h_top_tests=4;1h_failed_breakout;1h_no_accept_above_resistance;15m_clean_breakdown;15m_break_dist=0.20%,yes,0.8352,3.2214,yes,good_for_manual
DOTUSDT-SHORT-1776237300000-1,DOTUSDT-SHORT-1776237300000-1,1776237300000,DOTUSDT,SHORT,1.148,1.18244,1.1135599999999999,1.0791199999999999,EXPIRED,-0.9582,36,1776270696945,max bars reached,phase3-short-exhaustion-v5-scoreparts-manualdiag,short_exhaustion_retest,BEARISH,73537.5,-1.244,-0.9953322350356947,-0.3979629281080563,3.370933197348284,1.2099410935420414,0.0,bearish,3.0000000000000027,3.0000000000000027,3.0000000000000027,6.000000000000005,0.4336513443191774,0.0,0.0,33.0,25.434873346854605,35.0,1h_top_tests=5;1h_failed_breakout;1h_no_accept_above_resistance;1h_weakening_push;15m_clean_breakdown;15m_break_dist=0.17%,yes,0.2613,2.8746,yes,good_for_manual
ENAUSDT-SHORT-1776333600000-2,ENAUSDT-SHORT-1776333600000-2,1776333600000,ENAUSDT,SHORT,0.10152,0.10456560000000001,0.09847439999999999,0.09542879999999998,LOSS_STOP,-1.0000,12,1776345376764,stop hit before tp,phase3-short-exhaustion-v5-scoreparts-manualdiag,short_exhaustion_retest,RANGE,74326.1,0.254,-0.4576275953323821,-0.31210308119642255,2.5369284813813797,0.8197669725264219,0.0,neutral,3.0000000000000093,3.0000000000000093,3.0000000000000093,6.000000000000019,0.22604422604422025,0.03931203931205135,0.0,31.0,26.613488576278012,35.0,1h_top_tests=2;1h_failed_breakout;1h_no_accept_above_resistance;1h_weakening_push;15m_clean_breakdown;15m_break_dist=0.45%,yes,0.7979,3.5264,yes,good_for_manual
1000BONKUSDT-SHORT-1776333600000-2,1000BONKUSDT-SHORT-1776333600000-2,1776333600000,1000BONKUSDT,SHORT,0.006152,0.006336560000000001,0.00596744,0.00578288,LOSS_STOP,-1.0000,12,1776345378441,stop hit before tp,phase3-short-exhaustion-v5-scoreparts-manualdiag,short_exhaustion_retest,RANGE,74328.0,0.256,-0.45749366861439594,-0.31210308119642255,2.536863631471324,0.8197658695935726,0.0,neutral,3.0000000000000044,3.0000000000000044,3.0000000000000044,6.000000000000009,0.03249918752030222,0.19499512512186964,0.0,25.0,23.53376652475039,35.0,1h_top_tests=2;1h_failed_breakout;1h_no_accept_above_resistance;15m_clean_breakdown;15m_break_dist=0.21%,yes,0.8127,3.3973,yes,good_for_manual
1000SHIBUSDT-SHORT-1776333600000-3,1000SHIBUSDT-SHORT-1776333600000-3,1776333600000,1000SHIBUSDT,SHORT,0.006017,0.00619751,0.00583649,0.00565598,LOSS_STOP,-1.0000,24,1776356242249,stop hit before tp,phase3-short-exhaustion-v5-scoreparts-manualdiag,short_exhaustion_retest,RANGE,74272.4,0.605,-0.5193678123204584,0.016292390511084574,2.5387627167023092,0.8625482802211596,0.0,neutral,3.000000000000001,3.000000000000001,3.000000000000001,6.000000000000002,0.41377027474345995,0.0,0.0,25.0,26.82265809280861,35.0,1h_top_tests=3;1h_failed_breakout;1h_no_accept_above_resistance;15m_clean_breakdown;15m_break_dist=0.30%,yes,0.7645,3.2242,yes,good_for_manual
BNBUSDT-SHORT-1776347100000-2,BNBUSDT-SHORT-1776347100000-2,1776347100000,BNBUSDT,SHORT,617.46,635.9838000000001,598.9362,580.4123999999999,LOSS_STOP,-1.0000,20,1776366038366,stop hit before tp,phase3-short-exhaustion-v5-scoreparts-manualdiag,short_exhaustion_retest,RANGE,73750.0,-0.823,-1.051142920014376,-0.017218961466129612,2.9407457627118685,2.3381924198250768,0.0,neutral,3.000000000000008,3.000000000000008,3.000000000000008,6.000000000000016,0.2632896670920214,0.0,0.0,35.0,25.39118359754366,35.0,1h_top_tests=6;1h_failed_breakout;1h_no_accept_above_resistance;1h_weakening_push;15m_clean_breakdown;15m_break_dist=0.17%,yes,0.2915,3.3298,yes,good_for_manual
TAOUSDT-SHORT-1776336300000-3,TAOUSDT-SHORT-1776336300000-3,1776336300000,TAOUSDT,SHORT,238.88,246.0464,231.71359999999999,224.54719999999998,EXPIRED,-0.6503,36,1776369764610,max bars reached,phase3-short-exhaustion-v5-scoreparts-manualdiag,short_exhaustion_retest,RANGE,74392.5,0.516,-0.36856632787670857,0.1679058757631128,2.534664112645772,0.861242732802362,0.0,neutral,3.0000000000000044,3.0000000000000044,3.0000000000000044,6.000000000000009,0.26303703394430106,0.0,0.0,23.0,28.88425925925923,35.0,1h_top_tests=2;1h_failed_breakout;1h_no_accept_above_resistance;15m_clean_breakdown;15m_break_dist=0.58%,yes,2.0889,2.3233,yes,good_for_manual
ZECUSDT-SHORT-1776350700000-2,ZECUSDT-SHORT-1776350700000-2,1776350700000,ZECUSDT,SHORT,335.29,345.3487,325.23130000000003,315.17260000000005,LOSS_STOP,-1.0000,20,1776369766518,stop hit before tp,phase3-short-exhaustion-v5-scoreparts-manualdiag,short_exhaustion_retest,RANGE,74210.0,0.786,-0.4272196907487538,0.37004476784290113,2.922517180972919,2.3235413017113635,0.0,neutral,2.999999999999996,2.999999999999996,2.999999999999996,5.999999999999992,0.6695304399348218,0.0,0.0,23.0,28.490724945753463,35.0,1h_top_tests=2;1h_failed_breakout;1h_no_accept_above_resistance;15m_clean_breakdown;15m_break_dist=0.82%,yes,0.8649,3.0153,yes,good_for_manual
BCHUSDT-SHORT-1776347100000-1,BCHUSDT-SHORT-1776347100000-1,1776347100000,BCHUSDT,SHORT,435.73,448.80190000000005,422.6581,409.58619999999996,LOSS_STOP,-1.0000,34,1776378672744,stop hit before tp,phase3-short-exhaustion-v5-scoreparts-manualdiag,short_exhaustion_retest,RANGE,73799.1,-0.423,-0.9785531421578733,0.07497705268324692,2.9387892264268842,2.3364783581371626,0.0,neutral,3.000000000000006,3.000000000000006,3.000000000000006,6.000000000000012,0.6090328467153192,0.0,0.0,27.0,27.34331829829179,35.0,1h_top_tests=7;1h_failed_breakout;1h_no_accept_above_resistance;15m_clean_breakdown;15m_break_dist=0.28%,yes,0.4797,3.7317,yes,good_for_manual
PAXGUSDT-SHORT-1776347100000-2,PAXGUSDT-SHORT-1776347100000-2,1776347100000,PAXGUSDT,SHORT,4786.6,4930.198,4643.002,4499.404,EXPIRED,0.0453,36,1776380518357,max bars reached,phase3-short-exhaustion-v5-scoreparts-manualdiag,short_exhaustion_retest,RANGE,73819.9,-0.801,-0.9572189930281534,0.08012918288571604,2.937961173071222,2.335975072817182,0.0,neutral,2.9999999999999987,2.9999999999999987,2.9999999999999987,5.999999999999997,0.14436155476560175,0.0,0.0,27.0,26.606193195923616,35.0,1h_top_tests=10;1h_failed_breakout;1h_no_accept_above_resistance;15m_clean_breakdown;15m_break_dist=0.22%,yes,0.4941,0.2708,yes,good_for_manual
XAUTUSDT-SHORT-1776347100000-3,XAUTUSDT-SHORT-1776347100000-3,1776347100000,XAUTUSDT,SHORT,4769.1,4912.173000000001,4626.027,4482.954,EXPIRED,-0.0394,36,1776380520103,max bars reached,phase3-short-exhaustion-v5-scoreparts-manualdiag,short_exhaustion_retest,RANGE,73963.3,-0.033,-0.76829772274729,0.27102916512442904,2.932265055777666,2.331527750359002,0.0,neutral,3.0000000000000067,3.0000000000000067,3.0000000000000067,6.000000000000013,0.35977535977534614,0.0,0.0,35.0,26.82070167507028,35.0,1h_top_tests=10;1h_failed_breakout;1h_no_accept_above_resistance;1h_weakening_push;15m_clean_breakdown;15m_break_dist=0.23%,yes,0.2537,0.4575,yes,good_for_manual
